{"type":"FeatureCollection","features":[{"type":"Feature","properties":{"code":"110200","name":"Carlow Town","geoMethod":"voronoi_of_geocoded_centroid","note":"Nearest-place region around a geocoded centroid; approximate, not an official boundary"},"geometry":{"type":"Polygon","coordinates":[[[-7.28291,52.82056],[-7.33576,52.75636],[-6.95436,52.66127],[-6.90895,52.68509],[-6.80065,52.87757],[-6.86612,52.92857],[-7.18925,52.88501],[-7.28291,52.82056]]]}},{"type":"Feature","properties":{"code":"110500","name":"Tullow, Carlow","geoMethod":"voronoi_of_geocoded_centroid","note":"Nearest-place region around a geocoded centroid; approximate, not an official boundary"},"geometry":{"type":"Polygon","coordinates":[[[-6.48575,52.77216],[-6.44539,52.82063],[-6.44468,52.85049],[-6.80065,52.87757],[-6.90895,52.68509],[-6.48575,52.77216]]]}},{"type":"Feature","properties":{"code":"111100","name":"Cavan Town","geoMethod":"voronoi_of_geocoded_centroid","note":"Nearest-place region around a geocoded centroid; approximate, not an official boundary"},"geometry":{"type":"Polygon","coordinates":[[[-7.48459,53.84075],[-7.17409,53.97453],[-7.26384,54.08348],[-7.72606,53.95799],[-7.72374,53.94505],[-7.60495,53.87511],[-7.48459,53.84075]]]}},{"type":"Feature","properties":{"code":"110600","name":"Bailieborough, Cavan","geoMethod":"voronoi_of_geocoded_centroid","note":"Nearest-place region around a geocoded centroid; approximate, not an official boundary"},"geometry":{"type":"Polygon","coordinates":[[[-7.10276,53.91302],[-6.91846,53.82295],[-6.90486,53.82534],[-6.87234,53.98747],[-6.89282,54.01787],[-6.92233,54.02122],[-7.13667,53.96663],[-7.10276,53.91302]]]}},{"type":"Feature","properties":{"code":"110900","name":"Ballyjamesduff, Cavan","geoMethod":"voronoi_of_geocoded_centroid","note":"Nearest-place region around a geocoded centroid; approximate, not an official boundary"},"geometry":{"type":"Polygon","coordinates":[[[-7.48459,53.84075],[-7.30989,53.7],[-7.24897,53.69135],[-7.10276,53.91302],[-7.13667,53.96663],[-7.17409,53.97453],[-7.48459,53.84075]]]}},{"type":"Feature","properties":{"code":"111000","name":"Belturbet, Cavan","geoMethod":"voronoi_of_geocoded_centroid","note":"Nearest-place region around a geocoded centroid; approximate, not an official boundary"},"geometry":{"type":"Polygon","coordinates":[[[-7.72606,53.95799],[-7.26384,54.08348],[-7.23635,54.2088],[-7.4621,54.46675],[-7.52166,54.46561],[-7.60386,54.45147],[-7.87935,54.3335],[-7.92179,54.24735],[-7.72606,53.95799]]]}},{"type":"Feature","properties":{"code":"111200","name":"Cootehill, Cavan","geoMethod":"voronoi_of_geocoded_centroid","note":"Nearest-place region around a geocoded centroid; approximate, not an official boundary"},"geometry":{"type":"Polygon","coordinates":[[[-7.13667,53.96663],[-6.92233,54.02122],[-7.05058,54.16627],[-7.23635,54.2088],[-7.26384,54.08348],[-7.17409,53.97453],[-7.13667,53.96663]]]}},{"type":"Feature","properties":{"code":"111300","name":"Kingscourt, Cavan","geoMethod":"voronoi_of_geocoded_centroid","note":"Nearest-place region around a geocoded centroid; approximate, not an official boundary"},"geometry":{"type":"Polygon","coordinates":[[[-6.90486,53.82534],[-6.71503,53.79798],[-6.66193,53.8989],[-6.87234,53.98747],[-6.90486,53.82534]]]}},{"type":"Feature","properties":{"code":"111500","name":"Virginia, Cavan","geoMethod":"voronoi_of_geocoded_centroid","note":"Nearest-place region around a geocoded centroid; approximate, not an official boundary"},"geometry":{"type":"Polygon","coordinates":[[[-7.10276,53.91302],[-7.24897,53.69135],[-7.19512,53.67537],[-7.09486,53.70301],[-6.91846,53.82295],[-7.10276,53.91302]]]}},{"type":"Feature","properties":{"code":"111900","name":"Ennis, Clare","geoMethod":"voronoi_of_geocoded_centroid","note":"Nearest-place region around a geocoded centroid; approximate, not an official boundary"},"geometry":{"type":"Polygon","coordinates":[[[-9.21119,53.0395],[-9.53549,53.00474],[-9.13219,52.6533],[-8.98372,52.64405],[-8.89007,52.69767],[-8.85618,52.72052],[-8.71075,52.84455],[-8.69928,52.90153],[-9.21119,53.0395]]]}},{"type":"Feature","properties":{"code":"112100","name":"Killaloe, Clare","geoMethod":"voronoi_of_geocoded_centroid","note":"Nearest-place region around a geocoded centroid; approximate, not an official boundary"},"geometry":{"type":"Polygon","coordinates":[[[-8.50696,52.99758],[-8.69928,52.90153],[-8.71075,52.84455],[-8.52243,52.74288],[-8.45315,52.72688],[-8.42558,52.72648],[-8.42391,52.9743],[-8.50696,52.99758]]]}},{"type":"Feature","properties":{"code":"112200","name":"Kilrush, Clare","geoMethod":"voronoi_of_geocoded_centroid","note":"Nearest-place region around a geocoded centroid; approximate, not an official boundary"},"geometry":{"type":"Polygon","coordinates":[[[-9.82052,53.06432],[-10.8,53.13528],[-10.8,52.71166],[-10.01795,52.54481],[-9.26983,52.54294],[-9.13219,52.6533],[-9.53549,53.00474],[-9.82052,53.06432]]]}},{"type":"Feature","properties":{"code":"112700","name":"Shannon, Clare","geoMethod":"voronoi_of_geocoded_centroid","note":"Nearest-place region around a geocoded centroid; approximate, not an official boundary"},"geometry":{"type":"Polygon","coordinates":[[[-8.52243,52.74288],[-8.71075,52.84455],[-8.85618,52.72052],[-8.60557,52.67145],[-8.55597,52.70372],[-8.52243,52.74288]]]}},{"type":"Feature","properties":{"code":"115200","name":"Cork City","geoMethod":"voronoi_of_geocoded_centroid","note":"Nearest-place region around a geocoded centroid; approximate, not an official boundary"},"geometry":{"type":"Polygon","coordinates":[[[-8.43119,51.85155],[-8.45522,51.90248],[-8.4977,51.89667],[-8.46582,51.83952],[-8.43119,51.85155]]]}},{"type":"Feature","properties":{"code":"113100","name":"Ballincollig, Cork","geoMethod":"voronoi_of_geocoded_centroid","note":"Nearest-place region around a geocoded centroid; approximate, not an official boundary"},"geometry":{"type":"Polygon","coordinates":[[[-8.54769,51.9042],[-8.7695,51.94655],[-8.78063,51.85941],[-8.59486,51.79198],[-8.58352,51.7935],[-8.54769,51.9042]]]}},{"type":"Feature","properties":{"code":"113200","name":"Ballintemple, Cork","geoMethod":"voronoi_of_geocoded_centroid","note":"Nearest-place region around a geocoded centroid; approximate, not an official boundary"},"geometry":{"type":"Polygon","coordinates":[[[-8.43575,51.91852],[-8.45522,51.90248],[-8.43119,51.85155],[-8.41067,51.85549],[-8.43081,51.91569],[-8.43575,51.91852]]]}},{"type":"Feature","properties":{"code":"113500","name":"Bandon, Cork","geoMethod":"voronoi_of_geocoded_centroid","note":"Nearest-place region around a geocoded centroid; approximate, not an official boundary"},"geometry":{"type":"Polygon","coordinates":[[[-8.59486,51.79198],[-8.78063,51.85941],[-8.93443,51.78264],[-8.92501,51.7342],[-8.68303,51.62612],[-8.59486,51.79198]]]}},{"type":"Feature","properties":{"code":"113600","name":"Bantry, Cork","geoMethod":"voronoi_of_geocoded_centroid","note":"Nearest-place region around a geocoded centroid; approximate, not an official boundary"},"geometry":{"type":"Polygon","coordinates":[[[-9.98499,51.3],[-9.26885,51.65915],[-9.32436,51.82492],[-10.8,51.47862],[-10.8,51.3],[-9.98499,51.3]]]}},{"type":"Feature","properties":{"code":"113800","name":"Bishopstown, Cork","geoMethod":"voronoi_of_geocoded_centroid","note":"Nearest-place region around a geocoded centroid; approximate, not an official boundary"},"geometry":{"type":"Polygon","coordinates":[[[-8.52764,51.91113],[-8.54769,51.9042],[-8.58352,51.7935],[-8.53404,51.79286],[-8.46582,51.83952],[-8.4977,51.89667],[-8.52764,51.91113]]]}},{"type":"Feature","properties":{"code":"113900","name":"Blackpool, Cork","geoMethod":"voronoi_of_geocoded_centroid","note":"Nearest-place region around a geocoded centroid; approximate, not an official boundary"},"geometry":{"type":"Polygon","coordinates":[[[-8.43575,51.91852],[-8.46311,52.0134],[-8.52764,51.91113],[-8.4977,51.89667],[-8.45522,51.90248],[-8.43575,51.91852]]]}},{"type":"Feature","properties":{"code":"114000","name":"Blackrock, Cork","geoMethod":"voronoi_of_geocoded_centroid","note":"Nearest-place region around a geocoded centroid; approximate, not an official boundary"},"geometry":{"type":"Polygon","coordinates":[[[-8.3625,51.8966],[-8.43081,51.91569],[-8.41067,51.85549],[-8.4009,51.85637],[-8.3625,51.8966]]]}},{"type":"Feature","properties":{"code":"114100","name":"Blarney, Cork","geoMethod":"voronoi_of_geocoded_centroid","note":"Nearest-place region around a geocoded centroid; approximate, not an official boundary"},"geometry":{"type":"Polygon","coordinates":[[[-8.46561,52.05756],[-8.78206,52.01015],[-8.7695,51.94655],[-8.54769,51.9042],[-8.52764,51.91113],[-8.46311,52.0134],[-8.45475,52.05206],[-8.46561,52.05756]]]}},{"type":"Feature","properties":{"code":"114300","name":"Carrigaline, Cork","geoMethod":"voronoi_of_geocoded_centroid","note":"Nearest-place region around a geocoded centroid; approximate, not an official boundary"},"geometry":{"type":"Polygon","coordinates":[[[-8.43119,51.85155],[-8.46582,51.83952],[-8.53404,51.79286],[-8.12588,51.61922],[-8.34879,51.83762],[-8.4009,51.85637],[-8.41067,51.85549],[-8.43119,51.85155]]]}},{"type":"Feature","properties":{"code":"114400","name":"Carrigtwohill, Cork","geoMethod":"voronoi_of_geocoded_centroid","note":"Nearest-place region around a geocoded centroid; approximate, not an official boundary"},"geometry":{"type":"Polygon","coordinates":[[[-8.28523,51.88129],[-8.19847,51.86365],[-8.26042,52.02398],[-8.30643,52.02298],[-8.32916,51.91152],[-8.28523,51.88129]]]}},{"type":"Feature","properties":{"code":"114700","name":"Charleville, Cork","geoMethod":"voronoi_of_geocoded_centroid","note":"Nearest-place region around a geocoded centroid; approximate, not an official boundary"},"geometry":{"type":"Polygon","coordinates":[[[-8.48936,52.25885],[-8.7684,52.49962],[-8.79693,52.50083],[-8.91897,52.33049],[-8.74653,52.24323],[-8.49174,52.25489],[-8.48936,52.25885]]]}},{"type":"Feature","properties":{"code":"114800","name":"Clonakilty, Cork","geoMethod":"voronoi_of_geocoded_centroid","note":"Nearest-place region around a geocoded centroid; approximate, not an official boundary"},"geometry":{"type":"Polygon","coordinates":[[[-8.47755,51.3],[-8.68303,51.62612],[-8.92501,51.7342],[-9.08809,51.60192],[-8.91723,51.3],[-8.47755,51.3]]]}},{"type":"Feature","properties":{"code":"115000","name":"Cobh, Cork","geoMethod":"voronoi_of_geocoded_centroid","note":"Nearest-place region around a geocoded centroid; approximate, not an official boundary"},"geometry":{"type":"Polygon","coordinates":[[[-8.28523,51.88129],[-8.34879,51.83762],[-8.12588,51.61922],[-7.77376,51.42177],[-7.9579,51.71982],[-8.19847,51.86365],[-8.28523,51.88129]]]}},{"type":"Feature","properties":{"code":"115900","name":"Dunmanway, Cork","geoMethod":"voronoi_of_geocoded_centroid","note":"Nearest-place region around a geocoded centroid; approximate, not an official boundary"},"geometry":{"type":"Polygon","coordinates":[[[-9.2707,51.88148],[-9.32436,51.82492],[-9.26885,51.65915],[-9.08809,51.60192],[-8.92501,51.7342],[-8.93443,51.78264],[-9.2707,51.88148]]]}},{"type":"Feature","properties":{"code":"116100","name":"Fermoy, Cork","geoMethod":"voronoi_of_geocoded_centroid","note":"Nearest-place region around a geocoded centroid; approximate, not an official boundary"},"geometry":{"type":"Polygon","coordinates":[[[-7.93772,52.16393],[-8.46471,52.22164],[-8.46561,52.05756],[-8.45475,52.05206],[-8.30643,52.02298],[-8.26042,52.02398],[-8.03927,52.06004],[-7.94304,52.13836],[-7.93772,52.16393]]]}},{"type":"Feature","properties":{"code":"116300","name":"Glanmire, Cork","geoMethod":"voronoi_of_geocoded_centroid","note":"Nearest-place region around a geocoded centroid; approximate, not an official boundary"},"geometry":{"type":"Polygon","coordinates":[[[-8.30643,52.02298],[-8.45475,52.05206],[-8.46311,52.0134],[-8.43575,51.91852],[-8.43081,51.91569],[-8.3625,51.8966],[-8.32916,51.91152],[-8.30643,52.02298]]]}},{"type":"Feature","properties":{"code":"116500","name":"Kanturk, Cork","geoMethod":"voronoi_of_geocoded_centroid","note":"Nearest-place region around a geocoded centroid; approximate, not an official boundary"},"geometry":{"type":"Polygon","coordinates":[[[-8.91897,52.33049],[-9.17525,52.28433],[-9.21185,52.12185],[-9.17238,52.05781],[-8.85058,52.04189],[-8.74653,52.24323],[-8.91897,52.33049]]]}},{"type":"Feature","properties":{"code":"116800","name":"Kinsale, Cork","geoMethod":"voronoi_of_geocoded_centroid","note":"Nearest-place region around a geocoded centroid; approximate, not an official boundary"},"geometry":{"type":"Polygon","coordinates":[[[-7.65095,51.3],[-7.77376,51.42177],[-8.12588,51.61922],[-8.53404,51.79286],[-8.58352,51.7935],[-8.59486,51.79198],[-8.68303,51.62612],[-8.47755,51.3],[-7.65095,51.3]]]}},{"type":"Feature","properties":{"code":"116900","name":"Macroom, Cork","geoMethod":"voronoi_of_geocoded_centroid","note":"Nearest-place region around a geocoded centroid; approximate, not an official boundary"},"geometry":{"type":"Polygon","coordinates":[[[-8.85058,52.04189],[-9.17238,52.05781],[-9.2761,51.92774],[-9.2707,51.88148],[-8.93443,51.78264],[-8.78063,51.85941],[-8.7695,51.94655],[-8.78206,52.01015],[-8.85058,52.04189]]]}},{"type":"Feature","properties":{"code":"117000","name":"Mallow, Cork","geoMethod":"voronoi_of_geocoded_centroid","note":"Nearest-place region around a geocoded centroid; approximate, not an official boundary"},"geometry":{"type":"Polygon","coordinates":[[[-8.49174,52.25489],[-8.74653,52.24323],[-8.85058,52.04189],[-8.78206,52.01015],[-8.46561,52.05756],[-8.46471,52.22164],[-8.49174,52.25489]]]}},{"type":"Feature","properties":{"code":"117100","name":"Midleton, Cork","geoMethod":"voronoi_of_geocoded_centroid","note":"Nearest-place region around a geocoded centroid; approximate, not an official boundary"},"geometry":{"type":"Polygon","coordinates":[[[-8.03927,52.06004],[-8.26042,52.02398],[-8.19847,51.86365],[-7.9579,51.71982],[-8.03927,52.06004]]]}},{"type":"Feature","properties":{"code":"117300","name":"Mitchelstown, Cork","geoMethod":"voronoi_of_geocoded_centroid","note":"Nearest-place region around a geocoded centroid; approximate, not an official boundary"},"geometry":{"type":"Polygon","coordinates":[[[-8.48936,52.25885],[-8.49174,52.25489],[-8.46471,52.22164],[-7.93772,52.16393],[-7.92879,52.17546],[-8.12001,52.35639],[-8.33994,52.3843],[-8.48936,52.25885]]]}},{"type":"Feature","properties":{"code":"117500","name":"Passage West, Cork","geoMethod":"voronoi_of_geocoded_centroid","note":"Nearest-place region around a geocoded centroid; approximate, not an official boundary"},"geometry":{"type":"Polygon","coordinates":[[[-8.28523,51.88129],[-8.32916,51.91152],[-8.3625,51.8966],[-8.4009,51.85637],[-8.34879,51.83762],[-8.28523,51.88129]]]}},{"type":"Feature","properties":{"code":"118200","name":"Skibbereen, Cork","geoMethod":"voronoi_of_geocoded_centroid","note":"Nearest-place region around a geocoded centroid; approximate, not an official boundary"},"geometry":{"type":"Polygon","coordinates":[[[-8.91723,51.3],[-9.08809,51.60192],[-9.26885,51.65915],[-9.98499,51.3],[-8.91723,51.3]]]}},{"type":"Feature","properties":{"code":"118800","name":"Youghal, Cork","geoMethod":"voronoi_of_geocoded_centroid","note":"Nearest-place region around a geocoded centroid; approximate, not an official boundary"},"geometry":{"type":"Polygon","coordinates":[[[-6.76849,51.3],[-7.12989,51.68058],[-7.94304,52.13836],[-8.03927,52.06004],[-7.9579,51.71982],[-7.77376,51.42177],[-7.65095,51.3],[-6.76849,51.3]]]}},{"type":"Feature","properties":{"code":"119800","name":"Donegal Town","geoMethod":"voronoi_of_geocoded_centroid","note":"Nearest-place region around a geocoded centroid; approximate, not an official boundary"},"geometry":{"type":"Polygon","coordinates":[[[-8.79263,54.63281],[-7.87935,54.3335],[-7.60386,54.45147],[-8.18964,54.92208],[-9.48218,55.5],[-10.25544,55.5],[-9.19025,54.76792],[-8.79263,54.63281]]]}},{"type":"Feature","properties":{"code":"119200","name":"Ballybofey, Donegal","geoMethod":"voronoi_of_geocoded_centroid","note":"Nearest-place region around a geocoded centroid; approximate, not an official boundary"},"geometry":{"type":"Polygon","coordinates":[[[-7.60386,54.45147],[-7.52166,54.46561],[-7.57472,54.63298],[-7.87865,54.88841],[-8.18964,54.92208],[-7.60386,54.45147]]]}},{"type":"Feature","properties":{"code":"119400","name":"Buncrana, Donegal","geoMethod":"voronoi_of_geocoded_centroid","note":"Nearest-place region around a geocoded centroid; approximate, not an official boundary"},"geometry":{"type":"Polygon","coordinates":[[[-8.4291,55.5],[-7.48656,54.98468],[-6.97137,54.96631],[-7.87821,55.5],[-8.4291,55.5]]]}},{"type":"Feature","properties":{"code":"119600","name":"Carndonagh, Donegal","geoMethod":"voronoi_of_geocoded_centroid","note":"Nearest-place region around a geocoded centroid; approximate, not an official boundary"},"geometry":{"type":"Polygon","coordinates":[[[-5.9,55.5],[-7.87821,55.5],[-6.97137,54.96631],[-6.28228,54.83621],[-5.9,54.87582],[-5.9,55.5]]]}},{"type":"Feature","properties":{"code":"120000","name":"Letterkenny, Donegal","geoMethod":"voronoi_of_geocoded_centroid","note":"Nearest-place region around a geocoded centroid; approximate, not an official boundary"},"geometry":{"type":"Polygon","coordinates":[[[-7.87865,54.88841],[-7.64033,54.86902],[-7.48656,54.98468],[-8.4291,55.5],[-9.48218,55.5],[-8.18964,54.92208],[-7.87865,54.88841]]]}},{"type":"Feature","properties":{"code":"120100","name":"Lifford, Donegal","geoMethod":"voronoi_of_geocoded_centroid","note":"Nearest-place region around a geocoded centroid; approximate, not an official boundary"},"geometry":{"type":"Polygon","coordinates":[[[-7.4621,54.46675],[-6.28228,54.83621],[-6.97137,54.96631],[-7.48656,54.98468],[-7.64033,54.86902],[-7.57472,54.63298],[-7.52166,54.46561],[-7.4621,54.46675]]]}},{"type":"Feature","properties":{"code":"120400","name":"Stranorlar, Donegal","geoMethod":"voronoi_of_geocoded_centroid","note":"Nearest-place region around a geocoded centroid; approximate, not an official boundary"},"geometry":{"type":"Polygon","coordinates":[[[-7.57472,54.63298],[-7.64033,54.86902],[-7.87865,54.88841],[-7.57472,54.63298]]]}},{"type":"Feature","properties":{"code":"120600","name":"Balbriggan, Dublin","geoMethod":"voronoi_of_geocoded_centroid","note":"Nearest-place region around a geocoded centroid; approximate, not an official boundary"},"geometry":{"type":"Polygon","coordinates":[[[-6.3271,53.58721],[-6.28749,53.55114],[-6.1743,53.56068],[-6.05818,53.68042],[-6.29628,53.62925],[-6.3271,53.58721]]]}},{"type":"Feature","properties":{"code":"120700","name":"Blackrock, Dublin","geoMethod":"voronoi_of_geocoded_centroid","note":"Nearest-place region around a geocoded centroid; approximate, not an official boundary"},"geometry":{"type":"Polygon","coordinates":[[[-6.15618,53.33478],[-6.19479,53.29865],[-6.1752,53.28822],[-6.13712,53.32932],[-6.13204,53.3374],[-6.15618,53.33478]]]}},{"type":"Feature","properties":{"code":"120800","name":"Booterstown, Dublin","geoMethod":"voronoi_of_geocoded_centroid","note":"Nearest-place region around a geocoded centroid; approximate, not an official boundary"},"geometry":{"type":"Polygon","coordinates":[[[-6.21583,53.30276],[-6.21088,53.29914],[-6.19479,53.29865],[-6.15618,53.33478],[-6.15896,53.33477],[-6.21661,53.30643],[-6.21583,53.30276]]]}},{"type":"Feature","properties":{"code":"121200","name":"Dalkey, Dublin","geoMethod":"voronoi_of_geocoded_centroid","note":"Nearest-place region around a geocoded centroid; approximate, not an official boundary"},"geometry":{"type":"Polygon","coordinates":[[[-6.11802,53.27966],[-6.12072,53.27306],[-5.93009,53.23734],[-5.9,53.23691],[-5.9,53.306],[-6.00812,53.32112],[-6.11802,53.27966]]]}},{"type":"Feature","properties":{"code":"121300","name":"Donabate, Dublin","geoMethod":"voronoi_of_geocoded_centroid","note":"Nearest-place region around a geocoded centroid; approximate, not an official boundary"},"geometry":{"type":"Polygon","coordinates":[[[-6.26372,53.46615],[-6.15802,53.45172],[-6.05636,53.45169],[-5.90043,53.49949],[-6.05344,53.51929],[-6.2772,53.49029],[-6.28209,53.47369],[-6.26865,53.46801],[-6.26372,53.46615]]]}},{"type":"Feature","properties":{"code":"121400","name":"Dun Laoghaire, Dublin","geoMethod":"voronoi_of_geocoded_centroid","note":"Nearest-place region around a geocoded centroid; approximate, not an official boundary"},"geometry":{"type":"Polygon","coordinates":[[[-6.13712,53.32932],[-6.14706,53.28318],[-6.1266,53.28819],[-6.08575,53.33506],[-6.10702,53.34079],[-6.11866,53.34162],[-6.13204,53.3374],[-6.13712,53.32932]]]}},{"type":"Feature","properties":{"code":"121500","name":"Glenageary, Dublin","geoMethod":"voronoi_of_geocoded_centroid","note":"Nearest-place region around a geocoded centroid; approximate, not an official boundary"},"geometry":{"type":"Polygon","coordinates":[[[-6.15499,53.27736],[-6.13421,53.26923],[-6.12072,53.27306],[-6.11802,53.27966],[-6.1266,53.28819],[-6.14706,53.28318],[-6.15499,53.27736]]]}},{"type":"Feature","properties":{"code":"121600","name":"Howth, Dublin","geoMethod":"voronoi_of_geocoded_centroid","note":"Nearest-place region around a geocoded centroid; approximate, not an official boundary"},"geometry":{"type":"Polygon","coordinates":[[[-5.9,53.49953],[-5.90043,53.49949],[-6.05636,53.45169],[-6.07546,53.4333],[-6.10702,53.34079],[-6.08575,53.33506],[-6.00812,53.32112],[-5.9,53.306],[-5.9,53.49953]]]}},{"type":"Feature","properties":{"code":"121700","name":"Killiney, Dublin","geoMethod":"voronoi_of_geocoded_centroid","note":"Nearest-place region around a geocoded centroid; approximate, not an official boundary"},"geometry":{"type":"Polygon","coordinates":[[[-6.13421,53.26923],[-6.12931,53.24819],[-6.00042,53.23561],[-5.93009,53.23734],[-6.12072,53.27306],[-6.13421,53.26923]]]}},{"type":"Feature","properties":{"code":"121800","name":"Kinsealy, Dublin","geoMethod":"voronoi_of_geocoded_centroid","note":"Nearest-place region around a geocoded centroid; approximate, not an official boundary"},"geometry":{"type":"Polygon","coordinates":[[[-6.26372,53.46615],[-6.21808,53.41589],[-6.20596,53.41289],[-6.16434,53.41704],[-6.15802,53.45172],[-6.26372,53.46615]]]}},{"type":"Feature","properties":{"code":"121900","name":"Lucan, Dublin","geoMethod":"voronoi_of_geocoded_centroid","note":"Nearest-place region around a geocoded centroid; approximate, not an official boundary"},"geometry":{"type":"Polygon","coordinates":[[[-6.48581,53.33183],[-6.47934,53.32067],[-6.47858,53.3206],[-6.44819,53.32449],[-6.41299,53.34461],[-6.41054,53.34808],[-6.41033,53.35614],[-6.42268,53.36471],[-6.45736,53.37739],[-6.4605,53.37772],[-6.48581,53.33183]]]}},{"type":"Feature","properties":{"code":"122000","name":"Lusk, Dublin","geoMethod":"voronoi_of_geocoded_centroid","note":"Nearest-place region around a geocoded centroid; approximate, not an official boundary"},"geometry":{"type":"Polygon","coordinates":[[[-6.28749,53.55114],[-6.2772,53.49029],[-6.05344,53.51929],[-6.1743,53.56068],[-6.28749,53.55114]]]}},{"type":"Feature","properties":{"code":"122100","name":"Malahide, Dublin","geoMethod":"voronoi_of_geocoded_centroid","note":"Nearest-place region around a geocoded centroid; approximate, not an official boundary"},"geometry":{"type":"Polygon","coordinates":[[[-6.19991,53.41051],[-6.20596,53.41289],[-6.21808,53.41589],[-6.21914,53.39882],[-6.21652,53.39527],[-6.18903,53.38612],[-6.18315,53.3885],[-6.19991,53.41051]]]}},{"type":"Feature","properties":{"code":"122200","name":"Monkstown, Dublin","geoMethod":"voronoi_of_geocoded_centroid","note":"Nearest-place region around a geocoded centroid; approximate, not an official boundary"},"geometry":{"type":"Polygon","coordinates":[[[-6.17415,53.28479],[-6.16677,53.2794],[-6.16108,53.27714],[-6.15499,53.27736],[-6.14706,53.28318],[-6.13712,53.32932],[-6.1752,53.28822],[-6.17415,53.28479]]]}},{"type":"Feature","properties":{"code":"122400","name":"Portmarnock, Dublin","geoMethod":"voronoi_of_geocoded_centroid","note":"Nearest-place region around a geocoded centroid; approximate, not an official boundary"},"geometry":{"type":"Polygon","coordinates":[[[-6.16434,53.41704],[-6.15972,53.40964],[-6.12716,53.4115],[-6.09777,53.4224],[-6.07546,53.4333],[-6.05636,53.45169],[-6.15802,53.45172],[-6.16434,53.41704]]]}},{"type":"Feature","properties":{"code":"122500","name":"Rathcoole, Dublin","geoMethod":"voronoi_of_geocoded_centroid","note":"Nearest-place region around a geocoded centroid; approximate, not an official boundary"},"geometry":{"type":"Polygon","coordinates":[[[-6.54948,53.29057],[-6.51518,53.2457],[-6.43964,53.27729],[-6.47858,53.3206],[-6.47934,53.32067],[-6.54948,53.29057]]]}},{"type":"Feature","properties":{"code":"122600","name":"Rush, Dublin","geoMethod":"voronoi_of_geocoded_centroid","note":"Nearest-place region around a geocoded centroid; approximate, not an official boundary"},"geometry":{"type":"Polygon","coordinates":[[[-6.26758,53.34824],[-6.26706,53.33767],[-6.26511,53.33702],[-6.25403,53.33465],[-6.251,53.33507],[-6.2612,53.34806],[-6.26674,53.34913],[-6.26758,53.34824]]]}},{"type":"Feature","properties":{"code":"122700","name":"Saggart, Dublin","geoMethod":"voronoi_of_geocoded_centroid","note":"Nearest-place region around a geocoded centroid; approximate, not an official boundary"},"geometry":{"type":"Polygon","coordinates":[[[-6.51091,53.22382],[-6.35864,53.16804],[-6.383,53.25291],[-6.401,53.27096],[-6.43964,53.27729],[-6.51518,53.2457],[-6.51091,53.22382]]]}},{"type":"Feature","properties":{"code":"122800","name":"Sandycove, Dublin","geoMethod":"voronoi_of_geocoded_centroid","note":"Nearest-place region around a geocoded centroid; approximate, not an official boundary"},"geometry":{"type":"Polygon","coordinates":[[[-6.1266,53.28819],[-6.11802,53.27966],[-6.00812,53.32112],[-6.08575,53.33506],[-6.1266,53.28819]]]}},{"type":"Feature","properties":{"code":"122900","name":"Shankill, Dublin","geoMethod":"voronoi_of_geocoded_centroid","note":"Nearest-place region around a geocoded centroid; approximate, not an official boundary"},"geometry":{"type":"Polygon","coordinates":[[[-6.19275,53.20878],[-6.19736,53.20232],[-6.00042,53.23561],[-6.12931,53.24819],[-6.1462,53.24309],[-6.19275,53.20878]]]}},{"type":"Feature","properties":{"code":"123000","name":"Skerries, Dublin","geoMethod":"voronoi_of_geocoded_centroid","note":"Nearest-place region around a geocoded centroid; approximate, not an official boundary"},"geometry":{"type":"Polygon","coordinates":[[[-5.9,53.73708],[-6.05818,53.68042],[-6.1743,53.56068],[-6.05344,53.51929],[-5.90043,53.49949],[-5.9,53.49953],[-5.9,53.73708]]]}},{"type":"Feature","properties":{"code":"123200","name":"Stillorgan, Dublin","geoMethod":"voronoi_of_geocoded_centroid","note":"Nearest-place region around a geocoded centroid; approximate, not an official boundary"},"geometry":{"type":"Polygon","coordinates":[[[-6.21695,53.28203],[-6.21179,53.2795],[-6.17415,53.28479],[-6.1752,53.28822],[-6.19479,53.29865],[-6.21088,53.29914],[-6.21695,53.28203]]]}},{"type":"Feature","properties":{"code":"123300","name":"Swords, Dublin","geoMethod":"voronoi_of_geocoded_centroid","note":"Nearest-place region around a geocoded centroid; approximate, not an official boundary"},"geometry":{"type":"Polygon","coordinates":[[[-6.25201,53.37189],[-6.23817,53.36996],[-6.22798,53.3734],[-6.23197,53.37615],[-6.25666,53.38416],[-6.25678,53.37267],[-6.25201,53.37189]]]}},{"type":"Feature","properties":{"code":"123500","name":"I.F.S.C., Dublin 1","geoMethod":"voronoi_of_geocoded_centroid","note":"Nearest-place region around a geocoded centroid; approximate, not an official boundary"},"geometry":{"type":"Polygon","coordinates":[[[-6.26674,53.34913],[-6.2612,53.34806],[-6.25379,53.34896],[-6.24652,53.35136],[-6.2465,53.3514],[-6.25526,53.35364],[-6.26778,53.3511],[-6.26674,53.34913]]]}},{"type":"Feature","properties":{"code":"123600","name":"Parnell Street, Dublin 1","geoMethod":"voronoi_of_geocoded_centroid","note":"Nearest-place region around a geocoded centroid; approximate, not an official boundary"},"geometry":{"type":"Polygon","coordinates":[[[-6.2705,53.35465],[-6.26778,53.3511],[-6.25526,53.35364],[-6.26219,53.36044],[-6.26672,53.36106],[-6.2705,53.35465]]]}},{"type":"Feature","properties":{"code":"123700","name":"Spencer Dock, Dublin 1","geoMethod":"voronoi_of_geocoded_centroid","note":"Nearest-place region around a geocoded centroid; approximate, not an official boundary"},"geometry":{"type":"Polygon","coordinates":[[[-6.24652,53.35136],[-6.23953,53.34104],[-6.22532,53.34897],[-6.24228,53.35314],[-6.24526,53.35265],[-6.2465,53.3514],[-6.24652,53.35136]]]}},{"type":"Feature","properties":{"code":"123800","name":"Summerhill, Dublin 1","geoMethod":"voronoi_of_geocoded_centroid","note":"Nearest-place region around a geocoded centroid; approximate, not an official boundary"},"geometry":{"type":"Polygon","coordinates":[[[-6.25526,53.35364],[-6.2465,53.3514],[-6.24526,53.35265],[-6.25037,53.35972],[-6.25353,53.35999],[-6.26219,53.36044],[-6.25526,53.35364]]]}},{"type":"Feature","properties":{"code":"124600","name":"Pearse Street, Dublin 2","geoMethod":"voronoi_of_geocoded_centroid","note":"Nearest-place region around a geocoded centroid; approximate, not an official boundary"},"geometry":{"type":"Polygon","coordinates":[[[-6.2612,53.34806],[-6.251,53.33507],[-6.24764,53.33501],[-6.25379,53.34896],[-6.2612,53.34806]]]}},{"type":"Feature","properties":{"code":"124900","name":"Townsend Street, Dublin 2","geoMethod":"voronoi_of_geocoded_centroid","note":"Nearest-place region around a geocoded centroid; approximate, not an official boundary"},"geometry":{"type":"Polygon","coordinates":[[[-6.24652,53.35136],[-6.25379,53.34896],[-6.24764,53.33501],[-6.24683,53.33495],[-6.24118,53.33726],[-6.23953,53.34104],[-6.24652,53.35136]]]}},{"type":"Feature","properties":{"code":"125200","name":"Clonliffe, Dublin 3","geoMethod":"voronoi_of_geocoded_centroid","note":"Nearest-place region around a geocoded centroid; approximate, not an official boundary"},"geometry":{"type":"Polygon","coordinates":[[[-6.26672,53.36106],[-6.26219,53.36044],[-6.25353,53.35999],[-6.25201,53.37189],[-6.25678,53.37267],[-6.27081,53.36784],[-6.26672,53.36106]]]}},{"type":"Feature","properties":{"code":"125300","name":"Clontarf, Dublin 3","geoMethod":"voronoi_of_geocoded_centroid","note":"Nearest-place region around a geocoded centroid; approximate, not an official boundary"},"geometry":{"type":"Polygon","coordinates":[[[-6.20397,53.34712],[-6.1778,53.33669],[-6.15896,53.33477],[-6.15618,53.33478],[-6.13204,53.3374],[-6.11866,53.34162],[-6.12267,53.34531],[-6.19243,53.37306],[-6.21369,53.3702],[-6.21401,53.35517],[-6.21222,53.35171],[-6.20397,53.34712]]]}},{"type":"Feature","properties":{"code":"125400","name":"Drumcondra, Dublin 3","geoMethod":"voronoi_of_geocoded_centroid","note":"Nearest-place region around a geocoded centroid; approximate, not an official boundary"},"geometry":{"type":"Polygon","coordinates":[[[-6.25201,53.37189],[-6.25353,53.35999],[-6.25037,53.35972],[-6.24036,53.36563],[-6.23817,53.36996],[-6.25201,53.37189]]]}},{"type":"Feature","properties":{"code":"125500","name":"East Wall, Dublin 3","geoMethod":"voronoi_of_geocoded_centroid","note":"Nearest-place region around a geocoded centroid; approximate, not an official boundary"},"geometry":{"type":"Polygon","coordinates":[[[-6.24228,53.35314],[-6.22532,53.34897],[-6.21222,53.35171],[-6.21401,53.35517],[-6.23502,53.35794],[-6.24228,53.35314]]]}},{"type":"Feature","properties":{"code":"125700","name":"Fairview, Dublin 3","geoMethod":"voronoi_of_geocoded_centroid","note":"Nearest-place region around a geocoded centroid; approximate, not an official boundary"},"geometry":{"type":"Polygon","coordinates":[[[-6.24036,53.36563],[-6.23502,53.35794],[-6.21401,53.35517],[-6.21369,53.3702],[-6.2219,53.37361],[-6.22798,53.3734],[-6.23817,53.36996],[-6.24036,53.36563]]]}},{"type":"Feature","properties":{"code":"126000","name":"North Strand, Dublin 3","geoMethod":"voronoi_of_geocoded_centroid","note":"Nearest-place region around a geocoded centroid; approximate, not an official boundary"},"geometry":{"type":"Polygon","coordinates":[[[-6.24036,53.36563],[-6.25037,53.35972],[-6.24526,53.35265],[-6.24228,53.35314],[-6.23502,53.35794],[-6.24036,53.36563]]]}},{"type":"Feature","properties":{"code":"126200","name":"Ballsbridge, Dublin 4","geoMethod":"voronoi_of_geocoded_centroid","note":"Nearest-place region around a geocoded centroid; approximate, not an official boundary"},"geometry":{"type":"Polygon","coordinates":[[[-6.24359,53.32805],[-6.23181,53.32511],[-6.22582,53.32959],[-6.22478,53.33281],[-6.23467,53.33637],[-6.24118,53.33726],[-6.24683,53.33495],[-6.24359,53.32805]]]}},{"type":"Feature","properties":{"code":"126300","name":"Donnybrook, Dublin 4","geoMethod":"voronoi_of_geocoded_centroid","note":"Nearest-place region around a geocoded centroid; approximate, not an official boundary"},"geometry":{"type":"Polygon","coordinates":[[[-6.24359,53.32805],[-6.24741,53.32005],[-6.23266,53.31376],[-6.22555,53.31368],[-6.22376,53.31765],[-6.23181,53.32511],[-6.24359,53.32805]]]}},{"type":"Feature","properties":{"code":"126400","name":"Irishtown, Dublin 4","geoMethod":"voronoi_of_geocoded_centroid","note":"Nearest-place region around a geocoded centroid; approximate, not an official boundary"},"geometry":{"type":"Polygon","coordinates":[[[-6.20397,53.34712],[-6.23467,53.33637],[-6.22478,53.33281],[-6.18528,53.33494],[-6.1778,53.33669],[-6.20397,53.34712]]]}},{"type":"Feature","properties":{"code":"126500","name":"Merrion, Dublin 4","geoMethod":"voronoi_of_geocoded_centroid","note":"Nearest-place region around a geocoded centroid; approximate, not an official boundary"},"geometry":{"type":"Polygon","coordinates":[[[-6.22555,53.31368],[-6.21661,53.30643],[-6.15896,53.33477],[-6.1778,53.33669],[-6.18528,53.33494],[-6.2173,53.32194],[-6.22376,53.31765],[-6.22555,53.31368]]]}},{"type":"Feature","properties":{"code":"126600","name":"Pembroke, Dublin 4","geoMethod":"voronoi_of_geocoded_centroid","note":"Nearest-place region around a geocoded centroid; approximate, not an official boundary"},"geometry":{"type":"Polygon","coordinates":[[[-6.23181,53.32511],[-6.22376,53.31765],[-6.2173,53.32194],[-6.22582,53.32959],[-6.23181,53.32511]]]}},{"type":"Feature","properties":{"code":"126700","name":"Ringsend, Dublin 4","geoMethod":"voronoi_of_geocoded_centroid","note":"Nearest-place region around a geocoded centroid; approximate, not an official boundary"},"geometry":{"type":"Polygon","coordinates":[[[-6.20397,53.34712],[-6.21222,53.35171],[-6.22532,53.34897],[-6.23953,53.34104],[-6.24118,53.33726],[-6.23467,53.33637],[-6.20397,53.34712]]]}},{"type":"Feature","properties":{"code":"126800","name":"Sandymount, Dublin 4","geoMethod":"voronoi_of_geocoded_centroid","note":"Nearest-place region around a geocoded centroid; approximate, not an official boundary"},"geometry":{"type":"Polygon","coordinates":[[[-6.22582,53.32959],[-6.2173,53.32194],[-6.18528,53.33494],[-6.22478,53.33281],[-6.22582,53.32959]]]}},{"type":"Feature","properties":{"code":"127000","name":"Artane, Dublin 5","geoMethod":"voronoi_of_geocoded_centroid","note":"Nearest-place region around a geocoded centroid; approximate, not an official boundary"},"geometry":{"type":"Polygon","coordinates":[[[-6.21652,53.39527],[-6.2219,53.37361],[-6.21369,53.3702],[-6.19243,53.37306],[-6.18903,53.38612],[-6.21652,53.39527]]]}},{"type":"Feature","properties":{"code":"127500","name":"Raheny, Dublin 5","geoMethod":"voronoi_of_geocoded_centroid","note":"Nearest-place region around a geocoded centroid; approximate, not an official boundary"},"geometry":{"type":"Polygon","coordinates":[[[-6.19243,53.37306],[-6.12267,53.34531],[-6.13907,53.37447],[-6.15063,53.38672],[-6.16471,53.39255],[-6.18315,53.3885],[-6.18903,53.38612],[-6.19243,53.37306]]]}},{"type":"Feature","properties":{"code":"127900","name":"Harolds Cross, Dublin 6","geoMethod":"voronoi_of_geocoded_centroid","note":"Nearest-place region around a geocoded centroid; approximate, not an official boundary"},"geometry":{"type":"Polygon","coordinates":[[[-6.29211,53.32569],[-6.28375,53.32026],[-6.27501,53.32043],[-6.27003,53.32794],[-6.27203,53.33003],[-6.28015,53.33326],[-6.28731,53.33111],[-6.29211,53.32569]]]}},{"type":"Feature","properties":{"code":"128000","name":"Milltown, Dublin 6","geoMethod":"voronoi_of_geocoded_centroid","note":"Nearest-place region around a geocoded centroid; approximate, not an official boundary"},"geometry":{"type":"Polygon","coordinates":[[[-6.2613,53.31675],[-6.25988,53.30619],[-6.25257,53.30431],[-6.23266,53.31376],[-6.24741,53.32005],[-6.2613,53.31675]]]}},{"type":"Feature","properties":{"code":"128100","name":"Ranelagh, Dublin 6","geoMethod":"voronoi_of_geocoded_centroid","note":"Nearest-place region around a geocoded centroid; approximate, not an official boundary"},"geometry":{"type":"Polygon","coordinates":[[[-6.25403,53.33465],[-6.25783,53.33157],[-6.26302,53.31764],[-6.2613,53.31675],[-6.24741,53.32005],[-6.24359,53.32805],[-6.24683,53.33495],[-6.24764,53.33501],[-6.251,53.33507],[-6.25403,53.33465]]]}},{"type":"Feature","properties":{"code":"128200","name":"Rathgar, Dublin 6","geoMethod":"voronoi_of_geocoded_centroid","note":"Nearest-place region around a geocoded centroid; approximate, not an official boundary"},"geometry":{"type":"Polygon","coordinates":[[[-6.28283,53.30539],[-6.26876,53.30324],[-6.25988,53.30619],[-6.2613,53.31675],[-6.26302,53.31764],[-6.27501,53.32043],[-6.28375,53.32026],[-6.28801,53.3114],[-6.28283,53.30539]]]}},{"type":"Feature","properties":{"code":"128300","name":"Rathmines, Dublin 6","geoMethod":"voronoi_of_geocoded_centroid","note":"Nearest-place region around a geocoded centroid; approximate, not an official boundary"},"geometry":{"type":"Polygon","coordinates":[[[-6.27501,53.32043],[-6.26302,53.31764],[-6.25783,53.33157],[-6.27003,53.32794],[-6.27501,53.32043]]]}},{"type":"Feature","properties":{"code":"128900","name":"Templeogue, Dublin 6W","geoMethod":"voronoi_of_geocoded_centroid","note":"Nearest-place region around a geocoded centroid; approximate, not an official boundary"},"geometry":{"type":"Polygon","coordinates":[[[-6.33699,53.30038],[-6.33597,53.29961],[-6.29334,53.28455],[-6.29245,53.29844],[-6.31689,53.30779],[-6.32735,53.30582],[-6.33769,53.30182],[-6.33699,53.30038]]]}},{"type":"Feature","properties":{"code":"129000","name":"Terenure, Dublin 6W","geoMethod":"voronoi_of_geocoded_centroid","note":"Nearest-place region around a geocoded centroid; approximate, not an official boundary"},"geometry":{"type":"Polygon","coordinates":[[[-6.31689,53.30779],[-6.29245,53.29844],[-6.28283,53.30539],[-6.28801,53.3114],[-6.31374,53.30925],[-6.31689,53.30779]]]}},{"type":"Feature","properties":{"code":"129300","name":"Cabra, Dublin 7","geoMethod":"voronoi_of_geocoded_centroid","note":"Nearest-place region around a geocoded centroid; approximate, not an official boundary"},"geometry":{"type":"Polygon","coordinates":[[[-6.31841,53.3618],[-6.29914,53.35663],[-6.29888,53.35669],[-6.27582,53.36923],[-6.28674,53.37854],[-6.30882,53.37728],[-6.31841,53.3618]]]}},{"type":"Feature","properties":{"code":"129500","name":"North Circular Road, Dublin 7","geoMethod":"voronoi_of_geocoded_centroid","note":"Nearest-place region around a geocoded centroid; approximate, not an official boundary"},"geometry":{"type":"Polygon","coordinates":[[[-6.27582,53.36923],[-6.29888,53.35669],[-6.27257,53.35444],[-6.2705,53.35465],[-6.26672,53.36106],[-6.27081,53.36784],[-6.27582,53.36923]]]}},{"type":"Feature","properties":{"code":"129700","name":"Smithfield, Dublin 7","geoMethod":"voronoi_of_geocoded_centroid","note":"Nearest-place region around a geocoded centroid; approximate, not an official boundary"},"geometry":{"type":"Polygon","coordinates":[[[-6.29001,53.34478],[-6.2818,53.34343],[-6.26758,53.34824],[-6.26674,53.34913],[-6.26778,53.3511],[-6.2705,53.35465],[-6.27257,53.35444],[-6.29001,53.34478]]]}},{"type":"Feature","properties":{"code":"129800","name":"Stoneybatter, Dublin 7","geoMethod":"voronoi_of_geocoded_centroid","note":"Nearest-place region around a geocoded centroid; approximate, not an official boundary"},"geometry":{"type":"Polygon","coordinates":[[[-6.29358,53.34498],[-6.29334,53.34478],[-6.29001,53.34478],[-6.27257,53.35444],[-6.29888,53.35669],[-6.29914,53.35663],[-6.29358,53.34498]]]}},{"type":"Feature","properties":{"code":"130000","name":"Christchurch, Dublin 8","geoMethod":"voronoi_of_geocoded_centroid","note":"Nearest-place region around a geocoded centroid; approximate, not an official boundary"},"geometry":{"type":"Polygon","coordinates":[[[-6.26758,53.34824],[-6.2818,53.34343],[-6.27416,53.33742],[-6.26706,53.33767],[-6.26758,53.34824]]]}},{"type":"Feature","properties":{"code":"130100","name":"Cork Street, Dublin 8","geoMethod":"voronoi_of_geocoded_centroid","note":"Nearest-place region around a geocoded centroid; approximate, not an official boundary"},"geometry":{"type":"Polygon","coordinates":[[[-6.29346,53.34443],[-6.28731,53.33111],[-6.28015,53.33326],[-6.27416,53.33742],[-6.2818,53.34343],[-6.29001,53.34478],[-6.29334,53.34478],[-6.29346,53.34443]]]}},{"type":"Feature","properties":{"code":"130300","name":"Inchicore, Dublin 8","geoMethod":"voronoi_of_geocoded_centroid","note":"Nearest-place region around a geocoded centroid; approximate, not an official boundary"},"geometry":{"type":"Polygon","coordinates":[[[-6.33452,53.3422],[-6.33627,53.33612],[-6.31193,53.33364],[-6.31523,53.34369],[-6.32661,53.35027],[-6.33452,53.3422]]]}},{"type":"Feature","properties":{"code":"130400","name":"Islandbridge, Dublin 8","geoMethod":"voronoi_of_geocoded_centroid","note":"Nearest-place region around a geocoded centroid; approximate, not an official boundary"},"geometry":{"type":"Polygon","coordinates":[[[-6.32612,53.35952],[-6.32661,53.35027],[-6.31523,53.34369],[-6.29358,53.34498],[-6.29914,53.35663],[-6.31841,53.3618],[-6.32612,53.35952]]]}},{"type":"Feature","properties":{"code":"130500","name":"Kilmainham, Dublin 8","geoMethod":"voronoi_of_geocoded_centroid","note":"Nearest-place region around a geocoded centroid; approximate, not an official boundary"},"geometry":{"type":"Polygon","coordinates":[[[-6.31193,53.33364],[-6.31023,53.33275],[-6.29346,53.34443],[-6.29334,53.34478],[-6.29358,53.34498],[-6.31523,53.34369],[-6.31193,53.33364]]]}},{"type":"Feature","properties":{"code":"130600","name":"Portobello, Dublin 8","geoMethod":"voronoi_of_geocoded_centroid","note":"Nearest-place region around a geocoded centroid; approximate, not an official boundary"},"geometry":{"type":"Polygon","coordinates":[[[-6.26511,53.33702],[-6.27203,53.33003],[-6.27003,53.32794],[-6.25783,53.33157],[-6.25403,53.33465],[-6.26511,53.33702]]]}},{"type":"Feature","properties":{"code":"130700","name":"Rialto, Dublin 8","geoMethod":"voronoi_of_geocoded_centroid","note":"Nearest-place region around a geocoded centroid; approximate, not an official boundary"},"geometry":{"type":"Polygon","coordinates":[[[-6.30759,53.32846],[-6.30218,53.32608],[-6.29211,53.32569],[-6.28731,53.33111],[-6.29346,53.34443],[-6.31023,53.33275],[-6.30759,53.32846]]]}},{"type":"Feature","properties":{"code":"130800","name":"South Circular Road, Dublin 8","geoMethod":"voronoi_of_geocoded_centroid","note":"Nearest-place region around a geocoded centroid; approximate, not an official boundary"},"geometry":{"type":"Polygon","coordinates":[[[-6.26511,53.33702],[-6.26706,53.33767],[-6.27416,53.33742],[-6.28015,53.33326],[-6.27203,53.33003],[-6.26511,53.33702]]]}},{"type":"Feature","properties":{"code":"131100","name":"Ballymun, Dublin 9","geoMethod":"voronoi_of_geocoded_centroid","note":"Nearest-place region around a geocoded centroid; approximate, not an official boundary"},"geometry":{"type":"Polygon","coordinates":[[[-6.27584,53.38948],[-6.25793,53.38652],[-6.25001,53.3896],[-6.26865,53.46801],[-6.28209,53.47369],[-6.31159,53.46096],[-6.27584,53.38948]]]}},{"type":"Feature","properties":{"code":"131200","name":"Beaumont, Dublin 9","geoMethod":"voronoi_of_geocoded_centroid","note":"Nearest-place region around a geocoded centroid; approximate, not an official boundary"},"geometry":{"type":"Polygon","coordinates":[[[-6.2429,53.38999],[-6.23197,53.37615],[-6.22798,53.3734],[-6.2219,53.37361],[-6.21652,53.39527],[-6.21914,53.39882],[-6.2429,53.38999]]]}},{"type":"Feature","properties":{"code":"131500","name":"Glasnevin, Dublin 9","geoMethod":"voronoi_of_geocoded_centroid","note":"Nearest-place region around a geocoded centroid; approximate, not an official boundary"},"geometry":{"type":"Polygon","coordinates":[[[-6.27584,53.38948],[-6.28674,53.37854],[-6.27582,53.36923],[-6.27081,53.36784],[-6.25678,53.37267],[-6.25666,53.38416],[-6.25793,53.38652],[-6.27584,53.38948]]]}},{"type":"Feature","properties":{"code":"131600","name":"Santry, Dublin 9","geoMethod":"voronoi_of_geocoded_centroid","note":"Nearest-place region around a geocoded centroid; approximate, not an official boundary"},"geometry":{"type":"Polygon","coordinates":[[[-6.26372,53.46615],[-6.26865,53.46801],[-6.25001,53.3896],[-6.2429,53.38999],[-6.21914,53.39882],[-6.21808,53.41589],[-6.26372,53.46615]]]}},{"type":"Feature","properties":{"code":"131700","name":"Whitehall, Dublin 9","geoMethod":"voronoi_of_geocoded_centroid","note":"Nearest-place region around a geocoded centroid; approximate, not an official boundary"},"geometry":{"type":"Polygon","coordinates":[[[-6.25666,53.38416],[-6.23197,53.37615],[-6.2429,53.38999],[-6.25001,53.3896],[-6.25793,53.38652],[-6.25666,53.38416]]]}},{"type":"Feature","properties":{"code":"131900","name":"Ballyfermot, Dublin 10","geoMethod":"voronoi_of_geocoded_centroid","note":"Nearest-place region around a geocoded centroid; approximate, not an official boundary"},"geometry":{"type":"Polygon","coordinates":[[[-6.36466,53.34635],[-6.35326,53.32753],[-6.34402,53.33051],[-6.33627,53.33612],[-6.33452,53.3422],[-6.36104,53.34839],[-6.36466,53.34635]]]}},{"type":"Feature","properties":{"code":"132000","name":"Cherry Orchard, Dublin 10","geoMethod":"voronoi_of_geocoded_centroid","note":"Nearest-place region around a geocoded centroid; approximate, not an official boundary"},"geometry":{"type":"Polygon","coordinates":[[[-6.41299,53.34461],[-6.36224,53.31889],[-6.35326,53.32753],[-6.36466,53.34635],[-6.41054,53.34808],[-6.41299,53.34461]]]}},{"type":"Feature","properties":{"code":"132300","name":"Finglas, Dublin 11","geoMethod":"voronoi_of_geocoded_centroid","note":"Nearest-place region around a geocoded centroid; approximate, not an official boundary"},"geometry":{"type":"Polygon","coordinates":[[[-6.32892,53.3954],[-6.30882,53.37728],[-6.28674,53.37854],[-6.27584,53.38948],[-6.31159,53.46096],[-6.32443,53.45719],[-6.34014,53.41562],[-6.32892,53.3954]]]}},{"type":"Feature","properties":{"code":"132900","name":"Crumlin, Dublin 12","geoMethod":"voronoi_of_geocoded_centroid","note":"Nearest-place region around a geocoded centroid; approximate, not an official boundary"},"geometry":{"type":"Polygon","coordinates":[[[-6.30759,53.32846],[-6.32216,53.32446],[-6.32735,53.30582],[-6.31689,53.30779],[-6.31374,53.30925],[-6.30218,53.32608],[-6.30759,53.32846]]]}},{"type":"Feature","properties":{"code":"133000","name":"Drimnagh, Dublin 12","geoMethod":"voronoi_of_geocoded_centroid","note":"Nearest-place region around a geocoded centroid; approximate, not an official boundary"},"geometry":{"type":"Polygon","coordinates":[[[-6.34402,53.33051],[-6.32216,53.32446],[-6.30759,53.32846],[-6.31023,53.33275],[-6.31193,53.33364],[-6.33627,53.33612],[-6.34402,53.33051]]]}},{"type":"Feature","properties":{"code":"133100","name":"Kimmage, Dublin 12","geoMethod":"voronoi_of_geocoded_centroid","note":"Nearest-place region around a geocoded centroid; approximate, not an official boundary"},"geometry":{"type":"Polygon","coordinates":[[[-6.29211,53.32569],[-6.30218,53.32608],[-6.31374,53.30925],[-6.28801,53.3114],[-6.28375,53.32026],[-6.29211,53.32569]]]}},{"type":"Feature","properties":{"code":"133200","name":"Walkinstown, Dublin 12","geoMethod":"voronoi_of_geocoded_centroid","note":"Nearest-place region around a geocoded centroid; approximate, not an official boundary"},"geometry":{"type":"Polygon","coordinates":[[[-6.36237,53.31018],[-6.33769,53.30182],[-6.32735,53.30582],[-6.32216,53.32446],[-6.34402,53.33051],[-6.35326,53.32753],[-6.36224,53.31889],[-6.36237,53.31018]]]}},{"type":"Feature","properties":{"code":"133500","name":"Baldoyle, Dublin 13","geoMethod":"voronoi_of_geocoded_centroid","note":"Nearest-place region around a geocoded centroid; approximate, not an official boundary"},"geometry":{"type":"Polygon","coordinates":[[[-6.12716,53.4115],[-6.15063,53.38672],[-6.13907,53.37447],[-6.09777,53.4224],[-6.12716,53.4115]]]}},{"type":"Feature","properties":{"code":"133600","name":"Balgriffin, Dublin 13","geoMethod":"voronoi_of_geocoded_centroid","note":"Nearest-place region around a geocoded centroid; approximate, not an official boundary"},"geometry":{"type":"Polygon","coordinates":[[[-6.19991,53.41051],[-6.16806,53.40177],[-6.15972,53.40964],[-6.16434,53.41704],[-6.20596,53.41289],[-6.19991,53.41051]]]}},{"type":"Feature","properties":{"code":"133900","name":"Clongriffin, Dublin 13","geoMethod":"voronoi_of_geocoded_centroid","note":"Nearest-place region around a geocoded centroid; approximate, not an official boundary"},"geometry":{"type":"Polygon","coordinates":[[[-6.16471,53.39255],[-6.15063,53.38672],[-6.12716,53.4115],[-6.15972,53.40964],[-6.16806,53.40177],[-6.16471,53.39255]]]}},{"type":"Feature","properties":{"code":"134200","name":"Sutton, Dublin 13","geoMethod":"voronoi_of_geocoded_centroid","note":"Nearest-place region around a geocoded centroid; approximate, not an official boundary"},"geometry":{"type":"Polygon","coordinates":[[[-6.09777,53.4224],[-6.13907,53.37447],[-6.12267,53.34531],[-6.11866,53.34162],[-6.10702,53.34079],[-6.07546,53.4333],[-6.09777,53.4224]]]}},{"type":"Feature","properties":{"code":"134400","name":"Churchtown, Dublin 14","geoMethod":"voronoi_of_geocoded_centroid","note":"Nearest-place region around a geocoded centroid; approximate, not an official boundary"},"geometry":{"type":"Polygon","coordinates":[[[-6.26876,53.30324],[-6.27261,53.28411],[-6.26251,53.28535],[-6.2437,53.29677],[-6.24365,53.29696],[-6.25257,53.30431],[-6.25988,53.30619],[-6.26876,53.30324]]]}},{"type":"Feature","properties":{"code":"134500","name":"Clonskeagh, Dublin 14","geoMethod":"voronoi_of_geocoded_centroid","note":"Nearest-place region around a geocoded centroid; approximate, not an official boundary"},"geometry":{"type":"Polygon","coordinates":[[[-6.25257,53.30431],[-6.24365,53.29696],[-6.21583,53.30276],[-6.21661,53.30643],[-6.22555,53.31368],[-6.23266,53.31376],[-6.25257,53.30431]]]}},{"type":"Feature","properties":{"code":"134700","name":"Goatstown, Dublin 14","geoMethod":"voronoi_of_geocoded_centroid","note":"Nearest-place region around a geocoded centroid; approximate, not an official boundary"},"geometry":{"type":"Polygon","coordinates":[[[-6.2437,53.29677],[-6.22857,53.28117],[-6.21695,53.28203],[-6.21088,53.29914],[-6.21583,53.30276],[-6.24365,53.29696],[-6.2437,53.29677]]]}},{"type":"Feature","properties":{"code":"135100","name":"Ashtown, Dublin 15","geoMethod":"voronoi_of_geocoded_centroid","note":"Nearest-place region around a geocoded centroid; approximate, not an official boundary"},"geometry":{"type":"Polygon","coordinates":[[[-6.32892,53.3954],[-6.34575,53.36801],[-6.34456,53.36271],[-6.32612,53.35952],[-6.31841,53.3618],[-6.30882,53.37728],[-6.32892,53.3954]]]}},{"type":"Feature","properties":{"code":"135200","name":"Blanchardstown, Dublin 15","geoMethod":"voronoi_of_geocoded_centroid","note":"Nearest-place region around a geocoded centroid; approximate, not an official boundary"},"geometry":{"type":"Polygon","coordinates":[[[-6.39945,53.39099],[-6.38675,53.36982],[-6.36479,53.38372],[-6.35587,53.40389],[-6.39945,53.39099]]]}},{"type":"Feature","properties":{"code":"135400","name":"Castleknock, Dublin 15","geoMethod":"voronoi_of_geocoded_centroid","note":"Nearest-place region around a geocoded centroid; approximate, not an official boundary"},"geometry":{"type":"Polygon","coordinates":[[[-6.36479,53.38372],[-6.38675,53.36982],[-6.38755,53.36801],[-6.34923,53.36157],[-6.34456,53.36271],[-6.34575,53.36801],[-6.36479,53.38372]]]}},{"type":"Feature","properties":{"code":"135500","name":"Clonee, Dublin 15","geoMethod":"voronoi_of_geocoded_centroid","note":"Nearest-place region around a geocoded centroid; approximate, not an official boundary"},"geometry":{"type":"Polygon","coordinates":[[[-6.40541,53.45896],[-6.43213,53.40318],[-6.4186,53.39468],[-6.41408,53.39438],[-6.38005,53.45719],[-6.40541,53.45896]]]}},{"type":"Feature","properties":{"code":"135600","name":"Clonsilla, Dublin 15","geoMethod":"voronoi_of_geocoded_centroid","note":"Nearest-place region around a geocoded centroid; approximate, not an official boundary"},"geometry":{"type":"Polygon","coordinates":[[[-6.45736,53.37739],[-6.42268,53.36471],[-6.40879,53.39201],[-6.41408,53.39438],[-6.4186,53.39468],[-6.45736,53.37739]]]}},{"type":"Feature","properties":{"code":"135900","name":"Mulhuddart, Dublin 15","geoMethod":"voronoi_of_geocoded_centroid","note":"Nearest-place region around a geocoded centroid; approximate, not an official boundary"},"geometry":{"type":"Polygon","coordinates":[[[-6.40879,53.39201],[-6.39945,53.39099],[-6.35587,53.40389],[-6.34014,53.41562],[-6.32443,53.45719],[-6.38005,53.45719],[-6.41408,53.39438],[-6.40879,53.39201]]]}},{"type":"Feature","properties":{"code":"136000","name":"Ongar, Dublin 15","geoMethod":"voronoi_of_geocoded_centroid","note":"Nearest-place region around a geocoded centroid; approximate, not an official boundary"},"geometry":{"type":"Polygon","coordinates":[[[-6.48512,53.39216],[-6.4605,53.37772],[-6.45736,53.37739],[-6.4186,53.39468],[-6.43213,53.40318],[-6.46752,53.40184],[-6.48512,53.39216]]]}},{"type":"Feature","properties":{"code":"136100","name":"Porterstown, Dublin 15","geoMethod":"voronoi_of_geocoded_centroid","note":"Nearest-place region around a geocoded centroid; approximate, not an official boundary"},"geometry":{"type":"Polygon","coordinates":[[[-6.40879,53.39201],[-6.42268,53.36471],[-6.41033,53.35614],[-6.38755,53.36801],[-6.38675,53.36982],[-6.39945,53.39099],[-6.40879,53.39201]]]}},{"type":"Feature","properties":{"code":"136200","name":"Royal Canal Park, Dublin 15","geoMethod":"voronoi_of_geocoded_centroid","note":"Nearest-place region around a geocoded centroid; approximate, not an official boundary"},"geometry":{"type":"Polygon","coordinates":[[[-6.36479,53.38372],[-6.34575,53.36801],[-6.32892,53.3954],[-6.34014,53.41562],[-6.35587,53.40389],[-6.36479,53.38372]]]}},{"type":"Feature","properties":{"code":"136500","name":"Ballinteer, Dublin 16","geoMethod":"voronoi_of_geocoded_centroid","note":"Nearest-place region around a geocoded centroid; approximate, not an official boundary"},"geometry":{"type":"Polygon","coordinates":[[[-6.28944,53.26792],[-6.28252,53.23608],[-6.25083,53.25467],[-6.23525,53.2784],[-6.26251,53.28535],[-6.27261,53.28411],[-6.28633,53.27761],[-6.28944,53.26792]]]}},{"type":"Feature","properties":{"code":"136600","name":"Dundrum, Dublin 16","geoMethod":"voronoi_of_geocoded_centroid","note":"Nearest-place region around a geocoded centroid; approximate, not an official boundary"},"geometry":{"type":"Polygon","coordinates":[[[-6.26251,53.28535],[-6.23525,53.2784],[-6.22857,53.28117],[-6.2437,53.29677],[-6.26251,53.28535]]]}},{"type":"Feature","properties":{"code":"136700","name":"Knocklyon, Dublin 16","geoMethod":"voronoi_of_geocoded_centroid","note":"Nearest-place region around a geocoded centroid; approximate, not an official boundary"},"geometry":{"type":"Polygon","coordinates":[[[-6.33597,53.29961],[-6.32765,53.27842],[-6.28944,53.26792],[-6.28633,53.27761],[-6.29334,53.28455],[-6.33597,53.29961]]]}},{"type":"Feature","properties":{"code":"136800","name":"Rathfarnham, Dublin 16","geoMethod":"voronoi_of_geocoded_centroid","note":"Nearest-place region around a geocoded centroid; approximate, not an official boundary"},"geometry":{"type":"Polygon","coordinates":[[[-6.28283,53.30539],[-6.29245,53.29844],[-6.29334,53.28455],[-6.28633,53.27761],[-6.27261,53.28411],[-6.26876,53.30324],[-6.28283,53.30539]]]}},{"type":"Feature","properties":{"code":"137500","name":"Malahide Road, Dublin 17","geoMethod":"voronoi_of_geocoded_centroid","note":"Nearest-place region around a geocoded centroid; approximate, not an official boundary"},"geometry":{"type":"Polygon","coordinates":[[[-6.19991,53.41051],[-6.18315,53.3885],[-6.16471,53.39255],[-6.16806,53.40177],[-6.19991,53.41051]]]}},{"type":"Feature","properties":{"code":"137900","name":"Cabinteely, Dublin 18","geoMethod":"voronoi_of_geocoded_centroid","note":"Nearest-place region around a geocoded centroid; approximate, not an official boundary"},"geometry":{"type":"Polygon","coordinates":[[[-6.16758,53.26324],[-6.1462,53.24309],[-6.12931,53.24819],[-6.13421,53.26923],[-6.15499,53.27736],[-6.16108,53.27714],[-6.16758,53.26324]]]}},{"type":"Feature","properties":{"code":"138000","name":"Carrickmines, Dublin 18","geoMethod":"voronoi_of_geocoded_centroid","note":"Nearest-place region around a geocoded centroid; approximate, not an official boundary"},"geometry":{"type":"Polygon","coordinates":[[[-6.16758,53.26324],[-6.19315,53.25524],[-6.19275,53.20878],[-6.1462,53.24309],[-6.16758,53.26324]]]}},{"type":"Feature","properties":{"code":"138100","name":"Foxrock, Dublin 18","geoMethod":"voronoi_of_geocoded_centroid","note":"Nearest-place region around a geocoded centroid; approximate, not an official boundary"},"geometry":{"type":"Polygon","coordinates":[[[-6.16758,53.26324],[-6.16108,53.27714],[-6.16677,53.2794],[-6.20453,53.26426],[-6.19315,53.25524],[-6.16758,53.26324]]]}},{"type":"Feature","properties":{"code":"138300","name":"Leopardstown, Dublin 18","geoMethod":"voronoi_of_geocoded_centroid","note":"Nearest-place region around a geocoded centroid; approximate, not an official boundary"},"geometry":{"type":"Polygon","coordinates":[[[-6.20532,53.26454],[-6.20453,53.26426],[-6.16677,53.2794],[-6.17415,53.28479],[-6.21179,53.2795],[-6.20532,53.26454]]]}},{"type":"Feature","properties":{"code":"138600","name":"Sandyford, Dublin 18","geoMethod":"voronoi_of_geocoded_centroid","note":"Nearest-place region around a geocoded centroid; approximate, not an official boundary"},"geometry":{"type":"Polygon","coordinates":[[[-6.23525,53.2784],[-6.25083,53.25467],[-6.20532,53.26454],[-6.21179,53.2795],[-6.21695,53.28203],[-6.22857,53.28117],[-6.23525,53.2784]]]}},{"type":"Feature","properties":{"code":"138900","name":"Stepaside, Dublin 18","geoMethod":"voronoi_of_geocoded_centroid","note":"Nearest-place region around a geocoded centroid; approximate, not an official boundary"},"geometry":{"type":"Polygon","coordinates":[[[-6.32319,53.14173],[-6.31748,53.1337],[-6.2688,53.15125],[-6.19736,53.20232],[-6.19275,53.20878],[-6.19315,53.25524],[-6.20453,53.26426],[-6.20532,53.26454],[-6.25083,53.25467],[-6.28252,53.23608],[-6.32319,53.14173]]]}},{"type":"Feature","properties":{"code":"139200","name":"Chapelizod, Dublin 20","geoMethod":"voronoi_of_geocoded_centroid","note":"Nearest-place region around a geocoded centroid; approximate, not an official boundary"},"geometry":{"type":"Polygon","coordinates":[[[-6.36104,53.34839],[-6.33452,53.3422],[-6.32661,53.35027],[-6.32612,53.35952],[-6.34456,53.36271],[-6.34923,53.36157],[-6.36104,53.34839]]]}},{"type":"Feature","properties":{"code":"139300","name":"Palmerstown, Dublin 20","geoMethod":"voronoi_of_geocoded_centroid","note":"Nearest-place region around a geocoded centroid; approximate, not an official boundary"},"geometry":{"type":"Polygon","coordinates":[[[-6.41033,53.35614],[-6.41054,53.34808],[-6.36466,53.34635],[-6.36104,53.34839],[-6.34923,53.36157],[-6.38755,53.36801],[-6.41033,53.35614]]]}},{"type":"Feature","properties":{"code":"139400","name":"Clondalkin, Dublin 22","geoMethod":"voronoi_of_geocoded_centroid","note":"Nearest-place region around a geocoded centroid; approximate, not an official boundary"},"geometry":{"type":"Polygon","coordinates":[[[-6.41299,53.34461],[-6.44819,53.32449],[-6.39242,53.3002],[-6.36237,53.31018],[-6.36224,53.31889],[-6.41299,53.34461]]]}},{"type":"Feature","properties":{"code":"139600","name":"Ballycullen, Dublin 24","geoMethod":"voronoi_of_geocoded_centroid","note":"Nearest-place region around a geocoded centroid; approximate, not an official boundary"},"geometry":{"type":"Polygon","coordinates":[[[-6.35864,53.16804],[-6.32319,53.14173],[-6.28252,53.23608],[-6.28944,53.26792],[-6.32765,53.27842],[-6.37289,53.25998],[-6.383,53.25291],[-6.35864,53.16804]]]}},{"type":"Feature","properties":{"code":"139700","name":"Citywest, Dublin 24","geoMethod":"voronoi_of_geocoded_centroid","note":"Nearest-place region around a geocoded centroid; approximate, not an official boundary"},"geometry":{"type":"Polygon","coordinates":[[[-6.47858,53.3206],[-6.43964,53.27729],[-6.401,53.27096],[-6.39242,53.3002],[-6.44819,53.32449],[-6.47858,53.3206]]]}},{"type":"Feature","properties":{"code":"139800","name":"Firhouse, Dublin 24","geoMethod":"voronoi_of_geocoded_centroid","note":"Nearest-place region around a geocoded centroid; approximate, not an official boundary"},"geometry":{"type":"Polygon","coordinates":[[[-6.33699,53.30038],[-6.37289,53.25998],[-6.32765,53.27842],[-6.33597,53.29961],[-6.33699,53.30038]]]}},{"type":"Feature","properties":{"code":"140100","name":"Tallaght, Dublin 24","geoMethod":"voronoi_of_geocoded_centroid","note":"Nearest-place region around a geocoded centroid; approximate, not an official boundary"},"geometry":{"type":"Polygon","coordinates":[[[-6.401,53.27096],[-6.383,53.25291],[-6.37289,53.25998],[-6.33699,53.30038],[-6.33769,53.30182],[-6.36237,53.31018],[-6.39242,53.3002],[-6.401,53.27096]]]}},{"type":"Feature","properties":{"code":"141600","name":"Galway City","geoMethod":"voronoi_of_geocoded_centroid","note":"Nearest-place region around a geocoded centroid; approximate, not an official boundary"},"geometry":{"type":"Polygon","coordinates":[[[-9.01915,53.26709],[-9.0837,53.28907],[-9.05409,53.12145],[-8.9943,53.14554],[-8.99696,53.23472],[-9.00215,53.24727],[-9.01702,53.26604],[-9.01915,53.26709]]]}},{"type":"Feature","properties":{"code":"140300","name":"Athenry, Galway","geoMethod":"voronoi_of_geocoded_centroid","note":"Nearest-place region around a geocoded centroid; approximate, not an official boundary"},"geometry":{"type":"Polygon","coordinates":[[[-8.55799,53.51952],[-8.62241,53.5326],[-8.73048,53.53176],[-8.8549,53.30747],[-8.81063,53.18725],[-8.76717,53.18292],[-8.49982,53.348],[-8.52966,53.50248],[-8.55799,53.51952]]]}},{"type":"Feature","properties":{"code":"140400","name":"Ballinasloe, Galway","geoMethod":"voronoi_of_geocoded_centroid","note":"Nearest-place region around a geocoded centroid; approximate, not an official boundary"},"geometry":{"type":"Polygon","coordinates":[[[-8.03521,53.31112],[-8.07265,53.35692],[-8.30295,53.48904],[-8.52966,53.50248],[-8.49982,53.348],[-8.3381,53.21113],[-8.19094,53.21554],[-8.03521,53.31112]]]}},{"type":"Feature","properties":{"code":"140500","name":"Ballybane, Galway","geoMethod":"voronoi_of_geocoded_centroid","note":"Nearest-place region around a geocoded centroid; approximate, not an official boundary"},"geometry":{"type":"Polygon","coordinates":[[[-9.01702,53.26604],[-9.00215,53.24727],[-8.98818,53.31783],[-9.03698,53.33737],[-9.01702,53.26604]]]}},{"type":"Feature","properties":{"code":"140800","name":"Barna, Galway","geoMethod":"voronoi_of_geocoded_centroid","note":"Nearest-place region around a geocoded centroid; approximate, not an official boundary"},"geometry":{"type":"Polygon","coordinates":[[[-9.09217,53.31357],[-9.09598,53.32159],[-9.80177,53.07319],[-9.82052,53.06432],[-9.53549,53.00474],[-9.21119,53.0395],[-9.05409,53.12145],[-9.0837,53.28907],[-9.09217,53.31357]]]}},{"type":"Feature","properties":{"code":"140900","name":"Bohermore, Galway","geoMethod":"voronoi_of_geocoded_centroid","note":"Nearest-place region around a geocoded centroid; approximate, not an official boundary"},"geometry":{"type":"Polygon","coordinates":[[[-9.01915,53.26709],[-9.09217,53.31357],[-9.0837,53.28907],[-9.01915,53.26709]]]}},{"type":"Feature","properties":{"code":"141000","name":"Claregalway, Galway","geoMethod":"voronoi_of_geocoded_centroid","note":"Nearest-place region around a geocoded centroid; approximate, not an official boundary"},"geometry":{"type":"Polygon","coordinates":[[[-8.8549,53.30747],[-8.73048,53.53176],[-8.73801,53.53296],[-9.06429,53.38821],[-9.06308,53.35206],[-9.03698,53.33737],[-8.98818,53.31783],[-8.94436,53.30797],[-8.8549,53.30747]]]}},{"type":"Feature","properties":{"code":"141400","name":"Doughiska, Galway","geoMethod":"voronoi_of_geocoded_centroid","note":"Nearest-place region around a geocoded centroid; approximate, not an official boundary"},"geometry":{"type":"Polygon","coordinates":[[[-8.94436,53.30797],[-8.98818,53.31783],[-9.00215,53.24727],[-8.99696,53.23472],[-8.94436,53.30797]]]}},{"type":"Feature","properties":{"code":"141700","name":"Gort, Galway","geoMethod":"voronoi_of_geocoded_centroid","note":"Nearest-place region around a geocoded centroid; approximate, not an official boundary"},"geometry":{"type":"Polygon","coordinates":[[[-8.76717,53.18292],[-8.81063,53.18725],[-8.9943,53.14554],[-9.05409,53.12145],[-9.21119,53.0395],[-8.69928,52.90153],[-8.50696,52.99758],[-8.50854,53.01088],[-8.76717,53.18292]]]}},{"type":"Feature","properties":{"code":"141800","name":"Headford, Galway","geoMethod":"voronoi_of_geocoded_centroid","note":"Nearest-place region around a geocoded centroid; approximate, not an official boundary"},"geometry":{"type":"Polygon","coordinates":[[[-8.73801,53.53296],[-8.7868,53.55363],[-9.00909,53.5878],[-9.25438,53.52298],[-9.19612,53.41384],[-9.06429,53.38821],[-8.73801,53.53296]]]}},{"type":"Feature","properties":{"code":"142000","name":"Loughrea, Galway","geoMethod":"voronoi_of_geocoded_centroid","note":"Nearest-place region around a geocoded centroid; approximate, not an official boundary"},"geometry":{"type":"Polygon","coordinates":[[[-8.3381,53.21113],[-8.49982,53.348],[-8.76717,53.18292],[-8.50854,53.01088],[-8.3381,53.21113]]]}},{"type":"Feature","properties":{"code":"142300","name":"Moycullen, Galway","geoMethod":"voronoi_of_geocoded_centroid","note":"Nearest-place region around a geocoded centroid; approximate, not an official boundary"},"geometry":{"type":"Polygon","coordinates":[[[-9.06429,53.38821],[-9.19612,53.41384],[-9.80177,53.07319],[-9.09598,53.32159],[-9.06308,53.35206],[-9.06429,53.38821]]]}},{"type":"Feature","properties":{"code":"142500","name":"Oranmore, Galway","geoMethod":"voronoi_of_geocoded_centroid","note":"Nearest-place region around a geocoded centroid; approximate, not an official boundary"},"geometry":{"type":"Polygon","coordinates":[[[-8.8549,53.30747],[-8.94436,53.30797],[-8.99696,53.23472],[-8.9943,53.14554],[-8.81063,53.18725],[-8.8549,53.30747]]]}},{"type":"Feature","properties":{"code":"142600","name":"Oughterard, Galway","geoMethod":"voronoi_of_geocoded_centroid","note":"Nearest-place region around a geocoded centroid; approximate, not an official boundary"},"geometry":{"type":"Polygon","coordinates":[[[-9.25438,53.52298],[-9.58489,53.58334],[-10.8,53.35364],[-10.8,53.13528],[-9.82052,53.06432],[-9.80177,53.07319],[-9.19612,53.41384],[-9.25438,53.52298]]]}},{"type":"Feature","properties":{"code":"142700","name":"Portumna, Galway","geoMethod":"voronoi_of_geocoded_centroid","note":"Nearest-place region around a geocoded centroid; approximate, not an official boundary"},"geometry":{"type":"Polygon","coordinates":[[[-8.19094,53.21554],[-8.3381,53.21113],[-8.50854,53.01088],[-8.50696,52.99758],[-8.42391,52.9743],[-8.40609,52.97022],[-8.04679,52.98276],[-7.98963,53.04502],[-8.19094,53.21554]]]}},{"type":"Feature","properties":{"code":"143200","name":"Tuam, Galway","geoMethod":"voronoi_of_geocoded_centroid","note":"Nearest-place region around a geocoded centroid; approximate, not an official boundary"},"geometry":{"type":"Polygon","coordinates":[[[-9.01915,53.26709],[-9.01702,53.26604],[-9.03698,53.33737],[-9.06308,53.35206],[-9.09598,53.32159],[-9.09217,53.31357],[-9.01915,53.26709]]]}},{"type":"Feature","properties":{"code":"143700","name":"Castleisland, Kerry","geoMethod":"voronoi_of_geocoded_centroid","note":"Nearest-place region around a geocoded centroid; approximate, not an official boundary"},"geometry":{"type":"Polygon","coordinates":[[[-9.2677,52.34634],[-9.54644,52.3367],[-9.62202,52.16574],[-9.61182,52.15636],[-9.21185,52.12185],[-9.17525,52.28433],[-9.2677,52.34634]]]}},{"type":"Feature","properties":{"code":"143900","name":"Kenmare, Kerry","geoMethod":"voronoi_of_geocoded_centroid","note":"Nearest-place region around a geocoded centroid; approximate, not an official boundary"},"geometry":{"type":"Polygon","coordinates":[[[-9.68858,51.99163],[-10.8,51.63874],[-10.8,51.47862],[-9.32436,51.82492],[-9.2707,51.88148],[-9.2761,51.92774],[-9.68858,51.99163]]]}},{"type":"Feature","properties":{"code":"144000","name":"Killarney, Kerry","geoMethod":"voronoi_of_geocoded_centroid","note":"Nearest-place region around a geocoded centroid; approximate, not an official boundary"},"geometry":{"type":"Polygon","coordinates":[[[-9.21185,52.12185],[-9.61182,52.15636],[-9.68858,51.99163],[-9.2761,51.92774],[-9.17238,52.05781],[-9.21185,52.12185]]]}},{"type":"Feature","properties":{"code":"144100","name":"Killorglin, Kerry","geoMethod":"voronoi_of_geocoded_centroid","note":"Nearest-place region around a geocoded centroid; approximate, not an official boundary"},"geometry":{"type":"Polygon","coordinates":[[[-10.8,51.63874],[-9.68858,51.99163],[-9.61182,52.15636],[-9.62202,52.16574],[-10.8,52.37405],[-10.8,51.63874]]]}},{"type":"Feature","properties":{"code":"144200","name":"Listowel, Kerry","geoMethod":"voronoi_of_geocoded_centroid","note":"Nearest-place region around a geocoded centroid; approximate, not an official boundary"},"geometry":{"type":"Polygon","coordinates":[[[-9.2677,52.34634],[-9.26983,52.54294],[-10.01795,52.54481],[-9.54644,52.3367],[-9.2677,52.34634]]]}},{"type":"Feature","properties":{"code":"144500","name":"Tralee, Kerry","geoMethod":"voronoi_of_geocoded_centroid","note":"Nearest-place region around a geocoded centroid; approximate, not an official boundary"},"geometry":{"type":"Polygon","coordinates":[[[-10.8,52.71166],[-10.8,52.37405],[-9.62202,52.16574],[-9.54644,52.3367],[-10.01795,52.54481],[-10.8,52.71166]]]}},{"type":"Feature","properties":{"code":"145400","name":"Kildare Town","geoMethod":"voronoi_of_geocoded_centroid","note":"Nearest-place region around a geocoded centroid; approximate, not an official boundary"},"geometry":{"type":"Polygon","coordinates":[[[-7.01119,53.24185],[-6.96821,53.07797],[-6.86495,53.06169],[-6.8333,53.13223],[-6.91223,53.26793],[-7.01119,53.24185]]]}},{"type":"Feature","properties":{"code":"144700","name":"Athy, Kildare","geoMethod":"voronoi_of_geocoded_centroid","note":"Nearest-place region around a geocoded centroid; approximate, not an official boundary"},"geometry":{"type":"Polygon","coordinates":[[[-7.12911,53.04757],[-7.18925,52.88501],[-6.86612,52.92857],[-6.81229,53.02946],[-6.86495,53.06169],[-6.96821,53.07797],[-7.12911,53.04757]]]}},{"type":"Feature","properties":{"code":"144900","name":"Celbridge, Kildare","geoMethod":"voronoi_of_geocoded_centroid","note":"Nearest-place region around a geocoded centroid; approximate, not an official boundary"},"geometry":{"type":"Polygon","coordinates":[[[-6.59998,53.3005],[-6.54948,53.29057],[-6.47934,53.32067],[-6.48581,53.33183],[-6.54272,53.37038],[-6.63011,53.3338],[-6.59998,53.3005]]]}},{"type":"Feature","properties":{"code":"145000","name":"Clane, Kildare","geoMethod":"voronoi_of_geocoded_centroid","note":"Nearest-place region around a geocoded centroid; approximate, not an official boundary"},"geometry":{"type":"Polygon","coordinates":[[[-6.88043,53.28529],[-6.78552,53.25123],[-6.6271,53.27851],[-6.59998,53.3005],[-6.63011,53.3338],[-6.65824,53.34402],[-6.76824,53.35027],[-6.87178,53.30667],[-6.88043,53.28529]]]}},{"type":"Feature","properties":{"code":"145200","name":"Kilcock, Kildare","geoMethod":"voronoi_of_geocoded_centroid","note":"Nearest-place region around a geocoded centroid; approximate, not an official boundary"},"geometry":{"type":"Polygon","coordinates":[[[-6.73155,53.47605],[-6.76824,53.35027],[-6.65824,53.34402],[-6.59473,53.45194],[-6.68557,53.48878],[-6.73155,53.47605]]]}},{"type":"Feature","properties":{"code":"145300","name":"Kilcullen, Kildare","geoMethod":"voronoi_of_geocoded_centroid","note":"Nearest-place region around a geocoded centroid; approximate, not an official boundary"},"geometry":{"type":"Polygon","coordinates":[[[-6.86495,53.06169],[-6.81229,53.02946],[-6.58041,53.04558],[-6.64142,53.15528],[-6.70965,53.17883],[-6.8333,53.13223],[-6.86495,53.06169]]]}},{"type":"Feature","properties":{"code":"145500","name":"Kill, Kildare","geoMethod":"voronoi_of_geocoded_centroid","note":"Nearest-place region around a geocoded centroid; approximate, not an official boundary"},"geometry":{"type":"Polygon","coordinates":[[[-6.6271,53.27851],[-6.62757,53.23888],[-6.58796,53.20363],[-6.51091,53.22382],[-6.51518,53.2457],[-6.54948,53.29057],[-6.59998,53.3005],[-6.6271,53.27851]]]}},{"type":"Feature","properties":{"code":"145600","name":"Leixlip, Kildare","geoMethod":"voronoi_of_geocoded_centroid","note":"Nearest-place region around a geocoded centroid; approximate, not an official boundary"},"geometry":{"type":"Polygon","coordinates":[[[-6.54272,53.37038],[-6.48581,53.33183],[-6.4605,53.37772],[-6.48512,53.39216],[-6.52964,53.39611],[-6.54272,53.37038]]]}},{"type":"Feature","properties":{"code":"145700","name":"Maynooth, Kildare","geoMethod":"voronoi_of_geocoded_centroid","note":"Nearest-place region around a geocoded centroid; approximate, not an official boundary"},"geometry":{"type":"Polygon","coordinates":[[[-6.59473,53.45194],[-6.65824,53.34402],[-6.63011,53.3338],[-6.54272,53.37038],[-6.52964,53.39611],[-6.57651,53.44929],[-6.59473,53.45194]]]}},{"type":"Feature","properties":{"code":"145800","name":"Monasterevin, Kildare","geoMethod":"voronoi_of_geocoded_centroid","note":"Nearest-place region around a geocoded centroid; approximate, not an official boundary"},"geometry":{"type":"Polygon","coordinates":[[[-7.08787,53.24383],[-7.16165,53.07276],[-7.12911,53.04757],[-6.96821,53.07797],[-7.01119,53.24185],[-7.08787,53.24383]]]}},{"type":"Feature","properties":{"code":"145900","name":"Naas, Kildare","geoMethod":"voronoi_of_geocoded_centroid","note":"Nearest-place region around a geocoded centroid; approximate, not an official boundary"},"geometry":{"type":"Polygon","coordinates":[[[-6.70965,53.17883],[-6.64142,53.15528],[-6.58796,53.20363],[-6.62757,53.23888],[-6.74856,53.22596],[-6.70965,53.17883]]]}},{"type":"Feature","properties":{"code":"146000","name":"Newbridge, Kildare","geoMethod":"voronoi_of_geocoded_centroid","note":"Nearest-place region around a geocoded centroid; approximate, not an official boundary"},"geometry":{"type":"Polygon","coordinates":[[[-6.91223,53.26793],[-6.8333,53.13223],[-6.70965,53.17883],[-6.74856,53.22596],[-6.78552,53.25123],[-6.88043,53.28529],[-6.91223,53.26793]]]}},{"type":"Feature","properties":{"code":"146300","name":"Sallins, Kildare","geoMethod":"voronoi_of_geocoded_centroid","note":"Nearest-place region around a geocoded centroid; approximate, not an official boundary"},"geometry":{"type":"Polygon","coordinates":[[[-6.6271,53.27851],[-6.78552,53.25123],[-6.74856,53.22596],[-6.62757,53.23888],[-6.6271,53.27851]]]}},{"type":"Feature","properties":{"code":"147400","name":"Thomastown, Kilkenny","geoMethod":"voronoi_of_geocoded_centroid","note":"Nearest-place region around a geocoded centroid; approximate, not an official boundary"},"geometry":{"type":"Polygon","coordinates":[[[-7.39408,52.74225],[-7.51087,52.56024],[-7.19566,52.39013],[-7.16601,52.3915],[-6.87609,52.5565],[-6.95436,52.66127],[-7.33576,52.75636],[-7.39408,52.74225]]]}},{"type":"Feature","properties":{"code":"148500","name":"Mountmellick, Laois","geoMethod":"voronoi_of_geocoded_centroid","note":"Nearest-place region around a geocoded centroid; approximate, not an official boundary"},"geometry":{"type":"Polygon","coordinates":[[[-7.33655,53.22344],[-7.54374,53.14477],[-7.54217,53.1243],[-7.41229,53.0651],[-7.20847,53.0869],[-7.33655,53.22344]]]}},{"type":"Feature","properties":{"code":"148600","name":"Mountrath, Laois","geoMethod":"voronoi_of_geocoded_centroid","note":"Nearest-place region around a geocoded centroid; approximate, not an official boundary"},"geometry":{"type":"Polygon","coordinates":[[[-7.54217,53.1243],[-7.65257,53.01805],[-7.58841,52.85733],[-7.41594,52.75057],[-7.39408,52.74225],[-7.33576,52.75636],[-7.28291,52.82056],[-7.41229,53.0651],[-7.54217,53.1243]]]}},{"type":"Feature","properties":{"code":"148700","name":"Portarlington, Laois","geoMethod":"voronoi_of_geocoded_centroid","note":"Nearest-place region around a geocoded centroid; approximate, not an official boundary"},"geometry":{"type":"Polygon","coordinates":[[[-7.33655,53.22344],[-7.20847,53.0869],[-7.16165,53.07276],[-7.08787,53.24383],[-7.26384,53.29295],[-7.33655,53.22344]]]}},{"type":"Feature","properties":{"code":"148800","name":"Portlaoise, Laois","geoMethod":"voronoi_of_geocoded_centroid","note":"Nearest-place region around a geocoded centroid; approximate, not an official boundary"},"geometry":{"type":"Polygon","coordinates":[[[-7.41229,53.0651],[-7.28291,52.82056],[-7.18925,52.88501],[-7.12911,53.04757],[-7.16165,53.07276],[-7.20847,53.0869],[-7.41229,53.0651]]]}},{"type":"Feature","properties":{"code":"149300","name":"Carrick-On-Shannon, Leitrim","geoMethod":"voronoi_of_geocoded_centroid","note":"Nearest-place region around a geocoded centroid; approximate, not an official boundary"},"geometry":{"type":"Polygon","coordinates":[[[-8.062,53.77892],[-7.72374,53.94505],[-7.72606,53.95799],[-7.92179,54.24735],[-7.98565,54.22279],[-8.27658,53.84224],[-8.21512,53.79551],[-8.062,53.77892]]]}},{"type":"Feature","properties":{"code":"151900","name":"Limerick City","geoMethod":"voronoi_of_geocoded_centroid","note":"Nearest-place region around a geocoded centroid; approximate, not an official boundary"},"geometry":{"type":"Polygon","coordinates":[[[-8.19864,52.70166],[-8.42558,52.72648],[-8.45315,52.72688],[-8.53971,52.58036],[-8.53022,52.52777],[-8.40063,52.50568],[-8.13696,52.66138],[-8.13881,52.67617],[-8.19864,52.70166]]]}},{"type":"Feature","properties":{"code":"150400","name":"Annacotty, Limerick","geoMethod":"voronoi_of_geocoded_centroid","note":"Nearest-place region around a geocoded centroid; approximate, not an official boundary"},"geometry":{"type":"Polygon","coordinates":[[[-8.52243,52.74288],[-8.55597,52.70372],[-8.54924,52.59306],[-8.53971,52.58036],[-8.45315,52.72688],[-8.52243,52.74288]]]}},{"type":"Feature","properties":{"code":"151000","name":"Castletroy, Limerick","geoMethod":"voronoi_of_geocoded_centroid","note":"Nearest-place region around a geocoded centroid; approximate, not an official boundary"},"geometry":{"type":"Polygon","coordinates":[[[-8.54924,52.59306],[-8.55597,52.70372],[-8.60557,52.67145],[-8.598,52.63906],[-8.54924,52.59306]]]}},{"type":"Feature","properties":{"code":"151300","name":"Dock Road, Limerick","geoMethod":"voronoi_of_geocoded_centroid","note":"Nearest-place region around a geocoded centroid; approximate, not an official boundary"},"geometry":{"type":"Polygon","coordinates":[[[-8.85618,52.72052],[-8.89007,52.69767],[-8.598,52.63906],[-8.60557,52.67145],[-8.85618,52.72052]]]}},{"type":"Feature","properties":{"code":"151400","name":"Dooradoyle, Limerick","geoMethod":"voronoi_of_geocoded_centroid","note":"Nearest-place region around a geocoded centroid; approximate, not an official boundary"},"geometry":{"type":"Polygon","coordinates":[[[-8.54924,52.59306],[-8.598,52.63906],[-8.89007,52.69767],[-8.98372,52.64405],[-8.79693,52.50083],[-8.7684,52.49962],[-8.53022,52.52777],[-8.53971,52.58036],[-8.54924,52.59306]]]}},{"type":"Feature","properties":{"code":"151700","name":"Kilmallock, Limerick","geoMethod":"voronoi_of_geocoded_centroid","note":"Nearest-place region around a geocoded centroid; approximate, not an official boundary"},"geometry":{"type":"Polygon","coordinates":[[[-8.53022,52.52777],[-8.7684,52.49962],[-8.48936,52.25885],[-8.33994,52.3843],[-8.40063,52.50568],[-8.53022,52.52777]]]}},{"type":"Feature","properties":{"code":"152000","name":"Newcastle West, Limerick","geoMethod":"voronoi_of_geocoded_centroid","note":"Nearest-place region around a geocoded centroid; approximate, not an official boundary"},"geometry":{"type":"Polygon","coordinates":[[[-8.98372,52.64405],[-9.13219,52.6533],[-9.26983,52.54294],[-9.2677,52.34634],[-9.17525,52.28433],[-8.91897,52.33049],[-8.79693,52.50083],[-8.98372,52.64405]]]}},{"type":"Feature","properties":{"code":"153100","name":"Longford Town","geoMethod":"voronoi_of_geocoded_centroid","note":"Nearest-place region around a geocoded centroid; approximate, not an official boundary"},"geometry":{"type":"Polygon","coordinates":[[[-7.96033,53.63132],[-7.73393,53.64811],[-7.60495,53.87511],[-7.72374,53.94505],[-8.062,53.77892],[-7.96033,53.63132]]]}},{"type":"Feature","properties":{"code":"152500","name":"Ballymahon, Longford","geoMethod":"voronoi_of_geocoded_centroid","note":"Nearest-place region around a geocoded centroid; approximate, not an official boundary"},"geometry":{"type":"Polygon","coordinates":[[[-7.91603,53.52185],[-7.81141,53.47342],[-7.5636,53.49347],[-7.54644,53.56489],[-7.73393,53.64811],[-7.96033,53.63132],[-7.98148,53.58492],[-7.91603,53.52185]]]}},{"type":"Feature","properties":{"code":"152800","name":"Edgeworthstown, Longford","geoMethod":"voronoi_of_geocoded_centroid","note":"Nearest-place region around a geocoded centroid; approximate, not an official boundary"},"geometry":{"type":"Polygon","coordinates":[[[-7.73393,53.64811],[-7.54644,53.56489],[-7.30989,53.7],[-7.48459,53.84075],[-7.60495,53.87511],[-7.73393,53.64811]]]}},{"type":"Feature","properties":{"code":"153400","name":"Ardee, Louth","geoMethod":"voronoi_of_geocoded_centroid","note":"Nearest-place region around a geocoded centroid; approximate, not an official boundary"},"geometry":{"type":"Polygon","coordinates":[[[-6.68959,53.77413],[-6.56362,53.74199],[-6.34245,53.83392],[-6.27485,53.86585],[-6.55188,53.9569],[-6.66193,53.8989],[-6.71503,53.79798],[-6.68959,53.77413]]]}},{"type":"Feature","properties":{"code":"154000","name":"Drogheda, Louth","geoMethod":"voronoi_of_geocoded_centroid","note":"Nearest-place region around a geocoded centroid; approximate, not an official boundary"},"geometry":{"type":"Polygon","coordinates":[[[-6.34245,53.83392],[-6.37111,53.68095],[-6.31828,53.66099],[-6.22795,53.86864],[-6.27485,53.86585],[-6.34245,53.83392]]]}},{"type":"Feature","properties":{"code":"154200","name":"Dundalk, Louth","geoMethod":"voronoi_of_geocoded_centroid","note":"Nearest-place region around a geocoded centroid; approximate, not an official boundary"},"geometry":{"type":"Polygon","coordinates":[[[-5.9,54.76262],[-6.57616,54.05667],[-6.55188,53.9569],[-6.27485,53.86585],[-6.22795,53.86864],[-5.9,53.92819],[-5.9,54.76262]]]}},{"type":"Feature","properties":{"code":"155100","name":"Ballina, Mayo","geoMethod":"voronoi_of_geocoded_centroid","note":"Nearest-place region around a geocoded centroid; approximate, not an official boundary"},"geometry":{"type":"Polygon","coordinates":[[[-10.8,54.56465],[-9.57174,54.05477],[-9.17689,53.97586],[-8.94616,54.07352],[-8.87163,54.25888],[-8.89712,54.31997],[-9.19025,54.76792],[-10.25544,55.5],[-10.8,55.5],[-10.8,54.56465]]]}},{"type":"Feature","properties":{"code":"155200","name":"Ballinrobe, Mayo","geoMethod":"voronoi_of_geocoded_centroid","note":"Nearest-place region around a geocoded centroid; approximate, not an official boundary"},"geometry":{"type":"Polygon","coordinates":[[[-9.00909,53.5878],[-9.20125,53.74728],[-9.33926,53.73128],[-9.58489,53.58334],[-9.25438,53.52298],[-9.00909,53.5878]]]}},{"type":"Feature","properties":{"code":"155300","name":"Ballyhaunis, Mayo","geoMethod":"voronoi_of_geocoded_centroid","note":"Nearest-place region around a geocoded centroid; approximate, not an official boundary"},"geometry":{"type":"Polygon","coordinates":[[[-8.62212,53.81022],[-8.7775,53.88126],[-8.92129,53.8275],[-8.7868,53.55363],[-8.73801,53.53296],[-8.73048,53.53176],[-8.62241,53.5326],[-8.62212,53.81022]]]}},{"type":"Feature","properties":{"code":"155500","name":"Castlebar, Mayo","geoMethod":"voronoi_of_geocoded_centroid","note":"Nearest-place region around a geocoded centroid; approximate, not an official boundary"},"geometry":{"type":"Polygon","coordinates":[[[-9.08173,53.83998],[-9.17689,53.97586],[-9.57174,54.05477],[-9.33926,53.73128],[-9.20125,53.74728],[-9.08173,53.83998]]]}},{"type":"Feature","properties":{"code":"155700","name":"Claremorris, Mayo","geoMethod":"voronoi_of_geocoded_centroid","note":"Nearest-place region around a geocoded centroid; approximate, not an official boundary"},"geometry":{"type":"Polygon","coordinates":[[[-8.7868,53.55363],[-8.92129,53.8275],[-9.08173,53.83998],[-9.20125,53.74728],[-9.00909,53.5878],[-8.7868,53.55363]]]}},{"type":"Feature","properties":{"code":"156400","name":"Swinford, Mayo","geoMethod":"voronoi_of_geocoded_centroid","note":"Nearest-place region around a geocoded centroid; approximate, not an official boundary"},"geometry":{"type":"Polygon","coordinates":[[[-8.75841,53.94099],[-8.94616,54.07352],[-9.17689,53.97586],[-9.08173,53.83998],[-8.92129,53.8275],[-8.7775,53.88126],[-8.75841,53.94099]]]}},{"type":"Feature","properties":{"code":"156500","name":"Westport, Mayo","geoMethod":"voronoi_of_geocoded_centroid","note":"Nearest-place region around a geocoded centroid; approximate, not an official boundary"},"geometry":{"type":"Polygon","coordinates":[[[-10.8,53.35364],[-9.58489,53.58334],[-9.33926,53.73128],[-9.57174,54.05477],[-10.8,54.56465],[-10.8,53.35364]]]}},{"type":"Feature","properties":{"code":"156700","name":"Ashbourne, Meath","geoMethod":"voronoi_of_geocoded_centroid","note":"Nearest-place region around a geocoded centroid; approximate, not an official boundary"},"geometry":{"type":"Polygon","coordinates":[[[-6.44464,53.58242],[-6.42223,53.46145],[-6.40541,53.45896],[-6.38005,53.45719],[-6.32443,53.45719],[-6.31159,53.46096],[-6.28209,53.47369],[-6.2772,53.49029],[-6.28749,53.55114],[-6.3271,53.58721],[-6.44464,53.58242]]]}},{"type":"Feature","properties":{"code":"156800","name":"Athboy, Meath","geoMethod":"voronoi_of_geocoded_centroid","note":"Nearest-place region around a geocoded centroid; approximate, not an official boundary"},"geometry":{"type":"Polygon","coordinates":[[[-7.08153,53.4993],[-7.05066,53.49418],[-6.98001,53.50443],[-6.79717,53.62662],[-6.81024,53.66255],[-7.09486,53.70301],[-7.19512,53.67537],[-7.08153,53.4993]]]}},{"type":"Feature","properties":{"code":"157000","name":"Bettystown, Meath","geoMethod":"voronoi_of_geocoded_centroid","note":"Nearest-place region around a geocoded centroid; approximate, not an official boundary"},"geometry":{"type":"Polygon","coordinates":[[[-5.9,53.92819],[-6.22795,53.86864],[-6.31828,53.66099],[-6.29628,53.62925],[-6.05818,53.68042],[-5.9,53.73708],[-5.9,53.92819]]]}},{"type":"Feature","properties":{"code":"157100","name":"Clonee, Meath","geoMethod":"voronoi_of_geocoded_centroid","note":"Nearest-place region around a geocoded centroid; approximate, not an official boundary"},"geometry":{"type":"Polygon","coordinates":[[[-6.40541,53.45896],[-6.42223,53.46145],[-6.42527,53.46119],[-6.46752,53.40184],[-6.43213,53.40318],[-6.40541,53.45896]]]}},{"type":"Feature","properties":{"code":"157200","name":"Drogheda, Meath","geoMethod":"voronoi_of_geocoded_centroid","note":"Nearest-place region around a geocoded centroid; approximate, not an official boundary"},"geometry":{"type":"Polygon","coordinates":[[[-6.55166,53.72143],[-6.37111,53.68095],[-6.34245,53.83392],[-6.56362,53.74199],[-6.55166,53.72143]]]}},{"type":"Feature","properties":{"code":"157300","name":"Duleek, Meath","geoMethod":"voronoi_of_geocoded_centroid","note":"Nearest-place region around a geocoded centroid; approximate, not an official boundary"},"geometry":{"type":"Polygon","coordinates":[[[-6.48669,53.58737],[-6.44464,53.58242],[-6.3271,53.58721],[-6.29628,53.62925],[-6.31828,53.66099],[-6.37111,53.68095],[-6.55166,53.72143],[-6.54775,53.60618],[-6.48669,53.58737]]]}},{"type":"Feature","properties":{"code":"157400","name":"Dunboyne, Meath","geoMethod":"voronoi_of_geocoded_centroid","note":"Nearest-place region around a geocoded centroid; approximate, not an official boundary"},"geometry":{"type":"Polygon","coordinates":[[[-6.51042,53.46531],[-6.57651,53.44929],[-6.52964,53.39611],[-6.48512,53.39216],[-6.46752,53.40184],[-6.42527,53.46119],[-6.51042,53.46531]]]}},{"type":"Feature","properties":{"code":"157500","name":"Dunshaughlin, Meath","geoMethod":"voronoi_of_geocoded_centroid","note":"Nearest-place region around a geocoded centroid; approximate, not an official boundary"},"geometry":{"type":"Polygon","coordinates":[[[-6.59473,53.45194],[-6.57651,53.44929],[-6.51042,53.46531],[-6.48669,53.58737],[-6.54775,53.60618],[-6.64755,53.56969],[-6.68557,53.48878],[-6.59473,53.45194]]]}},{"type":"Feature","properties":{"code":"157600","name":"Enfield, Meath","geoMethod":"voronoi_of_geocoded_centroid","note":"Nearest-place region around a geocoded centroid; approximate, not an official boundary"},"geometry":{"type":"Polygon","coordinates":[[[-7.05066,53.49418],[-6.87178,53.30667],[-6.76824,53.35027],[-6.73155,53.47605],[-6.98001,53.50443],[-7.05066,53.49418]]]}},{"type":"Feature","properties":{"code":"157700","name":"Kells, Meath","geoMethod":"voronoi_of_geocoded_centroid","note":"Nearest-place region around a geocoded centroid; approximate, not an official boundary"},"geometry":{"type":"Polygon","coordinates":[[[-7.09486,53.70301],[-6.81024,53.66255],[-6.68959,53.77413],[-6.71503,53.79798],[-6.90486,53.82534],[-6.91846,53.82295],[-7.09486,53.70301]]]}},{"type":"Feature","properties":{"code":"158100","name":"Navan, Meath","geoMethod":"voronoi_of_geocoded_centroid","note":"Nearest-place region around a geocoded centroid; approximate, not an official boundary"},"geometry":{"type":"Polygon","coordinates":[[[-6.79717,53.62662],[-6.64755,53.56969],[-6.54775,53.60618],[-6.55166,53.72143],[-6.56362,53.74199],[-6.68959,53.77413],[-6.81024,53.66255],[-6.79717,53.62662]]]}},{"type":"Feature","properties":{"code":"158300","name":"Ratoath, Meath","geoMethod":"voronoi_of_geocoded_centroid","note":"Nearest-place region around a geocoded centroid; approximate, not an official boundary"},"geometry":{"type":"Polygon","coordinates":[[[-6.48669,53.58737],[-6.51042,53.46531],[-6.42527,53.46119],[-6.42223,53.46145],[-6.44464,53.58242],[-6.48669,53.58737]]]}},{"type":"Feature","properties":{"code":"158700","name":"Trim, Meath","geoMethod":"voronoi_of_geocoded_centroid","note":"Nearest-place region around a geocoded centroid; approximate, not an official boundary"},"geometry":{"type":"Polygon","coordinates":[[[-6.98001,53.50443],[-6.73155,53.47605],[-6.68557,53.48878],[-6.64755,53.56969],[-6.79717,53.62662],[-6.98001,53.50443]]]}},{"type":"Feature","properties":{"code":"158900","name":"Ballybay, Monaghan","geoMethod":"voronoi_of_geocoded_centroid","note":"Nearest-place region around a geocoded centroid; approximate, not an official boundary"},"geometry":{"type":"Polygon","coordinates":[[[-7.05058,54.16627],[-6.92233,54.02122],[-6.89282,54.01787],[-6.83391,54.04319],[-6.80833,54.21371],[-7.05058,54.16627]]]}},{"type":"Feature","properties":{"code":"159000","name":"Carrickmacross, Monaghan","geoMethod":"voronoi_of_geocoded_centroid","note":"Nearest-place region around a geocoded centroid; approximate, not an official boundary"},"geometry":{"type":"Polygon","coordinates":[[[-6.87234,53.98747],[-6.66193,53.8989],[-6.55188,53.9569],[-6.57616,54.05667],[-6.83391,54.04319],[-6.89282,54.01787],[-6.87234,53.98747]]]}},{"type":"Feature","properties":{"code":"159100","name":"Castleblayney, Monaghan","geoMethod":"voronoi_of_geocoded_centroid","note":"Nearest-place region around a geocoded centroid; approximate, not an official boundary"},"geometry":{"type":"Polygon","coordinates":[[[-6.83391,54.04319],[-6.57616,54.05667],[-5.9,54.76262],[-5.9,54.78843],[-6.80833,54.21371],[-6.83391,54.04319]]]}},{"type":"Feature","properties":{"code":"159300","name":"Monaghan Town","geoMethod":"voronoi_of_geocoded_centroid","note":"Nearest-place region around a geocoded centroid; approximate, not an official boundary"},"geometry":{"type":"Polygon","coordinates":[[[-7.05058,54.16627],[-6.80833,54.21371],[-5.9,54.78843],[-5.9,54.87582],[-6.28228,54.83621],[-7.4621,54.46675],[-7.23635,54.2088],[-7.05058,54.16627]]]}},{"type":"Feature","properties":{"code":"159500","name":"Banagher, Offaly","geoMethod":"voronoi_of_geocoded_centroid","note":"Nearest-place region around a geocoded centroid; approximate, not an official boundary"},"geometry":{"type":"Polygon","coordinates":[[[-8.03521,53.31112],[-8.19094,53.21554],[-7.98963,53.04502],[-7.97314,53.04971],[-7.76468,53.25194],[-7.87087,53.30002],[-8.03521,53.31112]]]}},{"type":"Feature","properties":{"code":"159600","name":"Birr, Offaly","geoMethod":"voronoi_of_geocoded_centroid","note":"Nearest-place region around a geocoded centroid; approximate, not an official boundary"},"geometry":{"type":"Polygon","coordinates":[[[-7.76468,53.25194],[-7.97314,53.04971],[-7.65257,53.01805],[-7.54217,53.1243],[-7.54374,53.14477],[-7.73375,53.25069],[-7.76468,53.25194]]]}},{"type":"Feature","properties":{"code":"159900","name":"Edenderry, Offaly","geoMethod":"voronoi_of_geocoded_centroid","note":"Nearest-place region around a geocoded centroid; approximate, not an official boundary"},"geometry":{"type":"Polygon","coordinates":[[[-7.29971,53.37498],[-7.26384,53.29295],[-7.08787,53.24383],[-7.01119,53.24185],[-6.91223,53.26793],[-6.88043,53.28529],[-6.87178,53.30667],[-7.05066,53.49418],[-7.08153,53.4993],[-7.29971,53.37498]]]}},{"type":"Feature","properties":{"code":"160100","name":"Tullamore, Offaly","geoMethod":"voronoi_of_geocoded_centroid","note":"Nearest-place region around a geocoded centroid; approximate, not an official boundary"},"geometry":{"type":"Polygon","coordinates":[[[-7.48941,53.4156],[-7.73375,53.25069],[-7.54374,53.14477],[-7.33655,53.22344],[-7.26384,53.29295],[-7.29971,53.37498],[-7.48941,53.4156]]]}},{"type":"Feature","properties":{"code":"161000","name":"Roscommon Town","geoMethod":"voronoi_of_geocoded_centroid","note":"Nearest-place region around a geocoded centroid; approximate, not an official boundary"},"geometry":{"type":"Polygon","coordinates":[[[-7.98148,53.58492],[-7.96033,53.63132],[-8.062,53.77892],[-8.21512,53.79551],[-8.55799,53.51952],[-8.52966,53.50248],[-8.30295,53.48904],[-7.98148,53.58492]]]}},{"type":"Feature","properties":{"code":"160300","name":"Athlone, Roscommon","geoMethod":"voronoi_of_geocoded_centroid","note":"Nearest-place region around a geocoded centroid; approximate, not an official boundary"},"geometry":{"type":"Polygon","coordinates":[[[-7.91603,53.52185],[-7.98148,53.58492],[-8.30295,53.48904],[-8.07265,53.35692],[-7.91603,53.52185]]]}},{"type":"Feature","properties":{"code":"160400","name":"Ballaghaderreen, Roscommon","geoMethod":"voronoi_of_geocoded_centroid","note":"Nearest-place region around a geocoded centroid; approximate, not an official boundary"},"geometry":{"type":"Polygon","coordinates":[[[-8.3628,53.87159],[-8.4529,53.98361],[-8.5909,54.00021],[-8.75841,53.94099],[-8.7775,53.88126],[-8.62212,53.81022],[-8.3628,53.87159]]]}},{"type":"Feature","properties":{"code":"160600","name":"Boyle, Roscommon","geoMethod":"voronoi_of_geocoded_centroid","note":"Nearest-place region around a geocoded centroid; approximate, not an official boundary"},"geometry":{"type":"Polygon","coordinates":[[[-8.27658,53.84224],[-7.98565,54.22279],[-8.14205,54.18601],[-8.30343,54.11884],[-8.4529,53.98361],[-8.3628,53.87159],[-8.27658,53.84224]]]}},{"type":"Feature","properties":{"code":"160800","name":"Castlerea, Roscommon","geoMethod":"voronoi_of_geocoded_centroid","note":"Nearest-place region around a geocoded centroid; approximate, not an official boundary"},"geometry":{"type":"Polygon","coordinates":[[[-8.55799,53.51952],[-8.21512,53.79551],[-8.27658,53.84224],[-8.3628,53.87159],[-8.62212,53.81022],[-8.62241,53.5326],[-8.55799,53.51952]]]}},{"type":"Feature","properties":{"code":"162200","name":"Sligo Town","geoMethod":"voronoi_of_geocoded_centroid","note":"Nearest-place region around a geocoded centroid; approximate, not an official boundary"},"geometry":{"type":"Polygon","coordinates":[[[-8.89712,54.31997],[-8.42229,54.22734],[-8.79263,54.63281],[-9.19025,54.76792],[-8.89712,54.31997]]]}},{"type":"Feature","properties":{"code":"161300","name":"Ballinode, Sligo","geoMethod":"voronoi_of_geocoded_centroid","note":"Nearest-place region around a geocoded centroid; approximate, not an official boundary"},"geometry":{"type":"Polygon","coordinates":[[[-7.92179,54.24735],[-7.87935,54.3335],[-8.79263,54.63281],[-8.42229,54.22734],[-8.39712,54.22044],[-8.14205,54.18601],[-7.98565,54.22279],[-7.92179,54.24735]]]}},{"type":"Feature","properties":{"code":"161400","name":"Ballisodare, Sligo","geoMethod":"voronoi_of_geocoded_centroid","note":"Nearest-place region around a geocoded centroid; approximate, not an official boundary"},"geometry":{"type":"Polygon","coordinates":[[[-8.67147,54.15792],[-8.39712,54.22044],[-8.42229,54.22734],[-8.89712,54.31997],[-8.87163,54.25888],[-8.67147,54.15792]]]}},{"type":"Feature","properties":{"code":"161500","name":"Ballymote, Sligo","geoMethod":"voronoi_of_geocoded_centroid","note":"Nearest-place region around a geocoded centroid; approximate, not an official boundary"},"geometry":{"type":"Polygon","coordinates":[[[-8.4529,53.98361],[-8.30343,54.11884],[-8.65844,54.14942],[-8.5909,54.00021],[-8.4529,53.98361]]]}},{"type":"Feature","properties":{"code":"161800","name":"Collooney, Sligo","geoMethod":"voronoi_of_geocoded_centroid","note":"Nearest-place region around a geocoded centroid; approximate, not an official boundary"},"geometry":{"type":"Polygon","coordinates":[[[-8.65844,54.14942],[-8.30343,54.11884],[-8.14205,54.18601],[-8.39712,54.22044],[-8.67147,54.15792],[-8.65844,54.14942]]]}},{"type":"Feature","properties":{"code":"162400","name":"Tubbercurry, Sligo","geoMethod":"voronoi_of_geocoded_centroid","note":"Nearest-place region around a geocoded centroid; approximate, not an official boundary"},"geometry":{"type":"Polygon","coordinates":[[[-8.5909,54.00021],[-8.65844,54.14942],[-8.67147,54.15792],[-8.87163,54.25888],[-8.94616,54.07352],[-8.75841,53.94099],[-8.5909,54.00021]]]}},{"type":"Feature","properties":{"code":"163900","name":"Tipperary Town","geoMethod":"voronoi_of_geocoded_centroid","note":"Nearest-place region around a geocoded centroid; approximate, not an official boundary"},"geometry":{"type":"Polygon","coordinates":[[[-8.13696,52.66138],[-8.40063,52.50568],[-8.33994,52.3843],[-8.12001,52.35639],[-8.00746,52.45642],[-8.08492,52.63047],[-8.13696,52.66138]]]}},{"type":"Feature","properties":{"code":"162600","name":"Ballina, Tipperary","geoMethod":"voronoi_of_geocoded_centroid","note":"Nearest-place region around a geocoded centroid; approximate, not an official boundary"},"geometry":{"type":"Polygon","coordinates":[[[-8.19864,52.70166],[-8.40609,52.97022],[-8.42391,52.9743],[-8.42558,52.72648],[-8.19864,52.70166]]]}},{"type":"Feature","properties":{"code":"162800","name":"Cahir, Tipperary","geoMethod":"voronoi_of_geocoded_centroid","note":"Nearest-place region around a geocoded centroid; approximate, not an official boundary"},"geometry":{"type":"Polygon","coordinates":[[[-8.00746,52.45642],[-8.12001,52.35639],[-7.92879,52.17546],[-7.84548,52.20645],[-7.79637,52.43769],[-8.00746,52.45642]]]}},{"type":"Feature","properties":{"code":"162900","name":"Carrick-On-Suir, Tipperary","geoMethod":"voronoi_of_geocoded_centroid","note":"Nearest-place region around a geocoded centroid; approximate, not an official boundary"},"geometry":{"type":"Polygon","coordinates":[[[-7.53323,52.55032],[-7.5702,52.23461],[-7.41548,52.19052],[-7.34318,52.23141],[-7.27263,52.29551],[-7.19566,52.39013],[-7.51087,52.56024],[-7.53323,52.55032]]]}},{"type":"Feature","properties":{"code":"163000","name":"Cashel, Tipperary","geoMethod":"voronoi_of_geocoded_centroid","note":"Nearest-place region around a geocoded centroid; approximate, not an official boundary"},"geometry":{"type":"Polygon","coordinates":[[[-7.53605,52.54993],[-8.08492,52.63047],[-8.00746,52.45642],[-7.79637,52.43769],[-7.53605,52.54993]]]}},{"type":"Feature","properties":{"code":"163100","name":"Clonmel, Tipperary","geoMethod":"voronoi_of_geocoded_centroid","note":"Nearest-place region around a geocoded centroid; approximate, not an official boundary"},"geometry":{"type":"Polygon","coordinates":[[[-7.53605,52.54993],[-7.79637,52.43769],[-7.84548,52.20645],[-7.5702,52.23461],[-7.53323,52.55032],[-7.53605,52.54993]]]}},{"type":"Feature","properties":{"code":"163400","name":"Nenagh, Tipperary","geoMethod":"voronoi_of_geocoded_centroid","note":"Nearest-place region around a geocoded centroid; approximate, not an official boundary"},"geometry":{"type":"Polygon","coordinates":[[[-7.98423,52.8879],[-8.04679,52.98276],[-8.40609,52.97022],[-8.19864,52.70166],[-8.13881,52.67617],[-8.06808,52.72704],[-7.98423,52.8879]]]}},{"type":"Feature","properties":{"code":"163600","name":"Roscrea, Tipperary","geoMethod":"voronoi_of_geocoded_centroid","note":"Nearest-place region around a geocoded centroid; approximate, not an official boundary"},"geometry":{"type":"Polygon","coordinates":[[[-7.98963,53.04502],[-8.04679,52.98276],[-7.98423,52.8879],[-7.58841,52.85733],[-7.65257,53.01805],[-7.97314,53.04971],[-7.98963,53.04502]]]}},{"type":"Feature","properties":{"code":"163700","name":"Templemore, Tipperary","geoMethod":"voronoi_of_geocoded_centroid","note":"Nearest-place region around a geocoded centroid; approximate, not an official boundary"},"geometry":{"type":"Polygon","coordinates":[[[-7.98423,52.8879],[-8.06808,52.72704],[-7.41594,52.75057],[-7.58841,52.85733],[-7.98423,52.8879]]]}},{"type":"Feature","properties":{"code":"163800","name":"Thurles, Tipperary","geoMethod":"voronoi_of_geocoded_centroid","note":"Nearest-place region around a geocoded centroid; approximate, not an official boundary"},"geometry":{"type":"Polygon","coordinates":[[[-7.41594,52.75057],[-8.06808,52.72704],[-8.13881,52.67617],[-8.13696,52.66138],[-8.08492,52.63047],[-7.53605,52.54993],[-7.53323,52.55032],[-7.51087,52.56024],[-7.39408,52.74225],[-7.41594,52.75057]]]}},{"type":"Feature","properties":{"code":"167100","name":"Waterford City","geoMethod":"voronoi_of_geocoded_centroid","note":"Nearest-place region around a geocoded centroid; approximate, not an official boundary"},"geometry":{"type":"Polygon","coordinates":[[[-7.19566,52.39013],[-7.27263,52.29551],[-6.91761,52.19001],[-6.62608,52.14483],[-7.16601,52.3915],[-7.19566,52.39013]]]}},{"type":"Feature","properties":{"code":"164800","name":"Dungarvan, Waterford","geoMethod":"voronoi_of_geocoded_centroid","note":"Nearest-place region around a geocoded centroid; approximate, not an official boundary"},"geometry":{"type":"Polygon","coordinates":[[[-7.93772,52.16393],[-7.94304,52.13836],[-7.12989,51.68058],[-7.41548,52.19052],[-7.5702,52.23461],[-7.84548,52.20645],[-7.92879,52.17546],[-7.93772,52.16393]]]}},{"type":"Feature","properties":{"code":"166800","name":"Templars Hall, Waterford","geoMethod":"voronoi_of_geocoded_centroid","note":"Nearest-place region around a geocoded centroid; approximate, not an official boundary"},"geometry":{"type":"Polygon","coordinates":[[[-6.91761,52.19001],[-7.27263,52.29551],[-7.34318,52.23141],[-6.91761,52.19001]]]}},{"type":"Feature","properties":{"code":"166900","name":"Tramore, Waterford","geoMethod":"voronoi_of_geocoded_centroid","note":"Nearest-place region around a geocoded centroid; approximate, not an official boundary"},"geometry":{"type":"Polygon","coordinates":[[[-5.9,51.72529],[-6.46229,52.08852],[-6.62608,52.14483],[-6.91761,52.19001],[-7.34318,52.23141],[-7.41548,52.19052],[-7.12989,51.68058],[-6.76849,51.3],[-5.9,51.3],[-5.9,51.72529]]]}},{"type":"Feature","properties":{"code":"167400","name":"Athlone, Westmeath","geoMethod":"voronoi_of_geocoded_centroid","note":"Nearest-place region around a geocoded centroid; approximate, not an official boundary"},"geometry":{"type":"Polygon","coordinates":[[[-7.91603,53.52185],[-8.07265,53.35692],[-8.03521,53.31112],[-7.87087,53.30002],[-7.81141,53.47342],[-7.91603,53.52185]]]}},{"type":"Feature","properties":{"code":"168000","name":"Moate, Westmeath","geoMethod":"voronoi_of_geocoded_centroid","note":"Nearest-place region around a geocoded centroid; approximate, not an official boundary"},"geometry":{"type":"Polygon","coordinates":[[[-7.81141,53.47342],[-7.87087,53.30002],[-7.76468,53.25194],[-7.73375,53.25069],[-7.48941,53.4156],[-7.5636,53.49347],[-7.81141,53.47342]]]}},{"type":"Feature","properties":{"code":"168100","name":"Mullingar, Westmeath","geoMethod":"voronoi_of_geocoded_centroid","note":"Nearest-place region around a geocoded centroid; approximate, not an official boundary"},"geometry":{"type":"Polygon","coordinates":[[[-7.5636,53.49347],[-7.48941,53.4156],[-7.29971,53.37498],[-7.08153,53.4993],[-7.19512,53.67537],[-7.24897,53.69135],[-7.30989,53.7],[-7.54644,53.56489],[-7.5636,53.49347]]]}},{"type":"Feature","properties":{"code":"168300","name":"Bunclody, Wexford","geoMethod":"voronoi_of_geocoded_centroid","note":"Nearest-place region around a geocoded centroid; approximate, not an official boundary"},"geometry":{"type":"Polygon","coordinates":[[[-6.48575,52.77216],[-6.90895,52.68509],[-6.95436,52.66127],[-6.87609,52.5565],[-6.82519,52.5361],[-6.46521,52.60902],[-6.48575,52.77216]]]}},{"type":"Feature","properties":{"code":"168600","name":"Enniscorthy, Wexford","geoMethod":"voronoi_of_geocoded_centroid","note":"Nearest-place region around a geocoded centroid; approximate, not an official boundary"},"geometry":{"type":"Polygon","coordinates":[[[-5.9,52.27825],[-6.46521,52.60902],[-6.82519,52.5361],[-6.46229,52.08852],[-5.9,51.72529],[-5.9,52.27825]]]}},{"type":"Feature","properties":{"code":"168900","name":"Gorey, Wexford","geoMethod":"voronoi_of_geocoded_centroid","note":"Nearest-place region around a geocoded centroid; approximate, not an official boundary"},"geometry":{"type":"Polygon","coordinates":[[[-5.9,52.60994],[-6.44539,52.82063],[-6.48575,52.77216],[-6.46521,52.60902],[-5.9,52.27825],[-5.9,52.60994]]]}},{"type":"Feature","properties":{"code":"169100","name":"New Ross, Wexford","geoMethod":"voronoi_of_geocoded_centroid","note":"Nearest-place region around a geocoded centroid; approximate, not an official boundary"},"geometry":{"type":"Polygon","coordinates":[[[-6.87609,52.5565],[-7.16601,52.3915],[-6.62608,52.14483],[-6.46229,52.08852],[-6.82519,52.5361],[-6.87609,52.5565]]]}},{"type":"Feature","properties":{"code":"171200","name":"Wicklow Town","geoMethod":"voronoi_of_geocoded_centroid","note":"Nearest-place region around a geocoded centroid; approximate, not an official boundary"},"geometry":{"type":"Polygon","coordinates":[[[-5.9,53.06973],[-5.9906,53.06547],[-6.34562,53.02339],[-6.38026,52.99191],[-6.37315,52.94979],[-5.9,52.84576],[-5.9,53.06973]]]}},{"type":"Feature","properties":{"code":"169400","name":"Arklow, Wicklow","geoMethod":"voronoi_of_geocoded_centroid","note":"Nearest-place region around a geocoded centroid; approximate, not an official boundary"},"geometry":{"type":"Polygon","coordinates":[[[-5.9,52.84576],[-6.37315,52.94979],[-6.44468,52.85049],[-6.44539,52.82063],[-5.9,52.60994],[-5.9,52.84576]]]}},{"type":"Feature","properties":{"code":"169700","name":"Baltinglass, Wicklow","geoMethod":"voronoi_of_geocoded_centroid","note":"Nearest-place region around a geocoded centroid; approximate, not an official boundary"},"geometry":{"type":"Polygon","coordinates":[[[-6.86612,52.92857],[-6.80065,52.87757],[-6.44468,52.85049],[-6.37315,52.94979],[-6.38026,52.99191],[-6.58041,53.04558],[-6.81229,53.02946],[-6.86612,52.92857]]]}},{"type":"Feature","properties":{"code":"169900","name":"Blessington, Wicklow","geoMethod":"voronoi_of_geocoded_centroid","note":"Nearest-place region around a geocoded centroid; approximate, not an official boundary"},"geometry":{"type":"Polygon","coordinates":[[[-6.64142,53.15528],[-6.58041,53.04558],[-6.38026,52.99191],[-6.34562,53.02339],[-6.31748,53.1337],[-6.32319,53.14173],[-6.35864,53.16804],[-6.51091,53.22382],[-6.58796,53.20363],[-6.64142,53.15528]]]}},{"type":"Feature","properties":{"code":"170000","name":"Bray, Wicklow","geoMethod":"voronoi_of_geocoded_centroid","note":"Nearest-place region around a geocoded centroid; approximate, not an official boundary"},"geometry":{"type":"Polygon","coordinates":[[[-6.00042,53.23561],[-6.19736,53.20232],[-6.2688,53.15125],[-6.11034,53.1662],[-5.9,53.22869],[-5.9,53.23691],[-5.93009,53.23734],[-6.00042,53.23561]]]}},{"type":"Feature","properties":{"code":"170200","name":"Delgany, Wicklow","geoMethod":"voronoi_of_geocoded_centroid","note":"Nearest-place region around a geocoded centroid; approximate, not an official boundary"},"geometry":{"type":"Polygon","coordinates":[[[-6.31748,53.1337],[-6.34562,53.02339],[-5.9906,53.06547],[-6.11034,53.1662],[-6.2688,53.15125],[-6.31748,53.1337]]]}},{"type":"Feature","properties":{"code":"170500","name":"Greystones, Wicklow","geoMethod":"voronoi_of_geocoded_centroid","note":"Nearest-place region around a geocoded centroid; approximate, not an official boundary"},"geometry":{"type":"Polygon","coordinates":[[[-5.9,53.22869],[-6.11034,53.1662],[-5.9906,53.06547],[-5.9,53.06973],[-5.9,53.22869]]]}}]}